index,is_goal
0,0.0
7,0.0
16,0.0
19,1.0
21,0.0
32,0.0
33,0.0
34,1.0
35,1.0
36,1.0
37,0.0
44,0.0
49,0.0
54,0.0
59,0.0
61,0.0
65,0.0
66,0.0
70,0.0
71,0.0
75,0.0
79,0.0
84,0.0
85,0.0
86,0.0
91,1.0
94,0.0
96,0.0
103,0.0
112,0.0
121,1.0
122,0.0
125,1.0
132,1.0
133,0.0
140,0.0
143,0.0
149,1.0
151,0.0
152,1.0
155,0.0
158,1.0
164,1.0
171,0.0
181,1.0
191,0.0
192,1.0
195,0.0
201,0.0
204,0.0
209,0.0
210,0.0
227,1.0
249,1.0
256,0.0
259,0.0
261,0.0
263,0.0
266,0.0
278,1.0
281,0.0
292,0.0
298,1.0
299,0.0
300,0.0
316,0.0
326,0.0
327,0.0
334,0.0
345,1.0
347,1.0
359,0.0
364,0.0
378,0.0
381,0.0
389,1.0
390,1.0
391,0.0
396,0.0
416,0.0
417,0.0
419,0.0
427,0.0
428,0.0
433,0.0
438,1.0
439,0.0
450,0.0
455,0.0
458,0.0
471,0.0
479,0.0
490,0.0
496,0.0
508,0.0
510,1.0
522,0.0
532,0.0
543,0.0
545,0.0
551,0.0
554,1.0
557,0.0
559,0.0
567,0.0
570,1.0
572,0.0
575,1.0
577,1.0
590,0.0
595,0.0
596,0.0
600,1.0
604,0.0
616,0.0
624,1.0
627,0.0
633,0.0
645,0.0
648,0.0
650,1.0
653,1.0
655,0.0
656,0.0
660,1.0
668,0.0
669,1.0
679,1.0
692,1.0
693,0.0
698,0.0
710,0.0
714,0.0
717,0.0
721,0.0
722,0.0
724,1.0
733,0.0
734,0.0
736,0.0
745,0.0
746,0.0
763,0.0
765,0.0
766,0.0
770,0.0
772,0.0
773,0.0
782,0.0
783,0.0
788,0.0
791,1.0
803,0.0
808,0.0
811,0.0
812,0.0
816,0.0
817,0.0
819,0.0
824,0.0
825,0.0
828,0.0
832,1.0
854,0.0
858,1.0
861,0.0
869,0.0
875,0.0
879,0.0
885,1.0
888,1.0
890,0.0
896,1.0
901,0.0
902,1.0
907,0.0
908,0.0
919,0.0
921,0.0
923,0.0
931,0.0
933,0.0
936,0.0
937,1.0
940,0.0
942,0.0
946,0.0
949,0.0
951,0.0
953,1.0
961,1.0
962,0.0
974,0.0
978,0.0
980,1.0
982,0.0
984,1.0
988,0.0
994,0.0
997,0.0
1007,0.0
1018,1.0
1022,0.0
1025,0.0
1028,0.0
1033,0.0
1035,1.0
1037,0.0
1038,0.0
1043,0.0
1048,0.0
1050,0.0
1051,0.0
1061,1.0
1063,1.0
1065,0.0
1086,0.0
1091,0.0
1093,1.0
1097,0.0
1098,0.0
1101,0.0
1102,0.0
1117,0.0
1130,0.0
1132,1.0
1134,1.0
1137,0.0
1138,1.0
1140,1.0
1141,0.0
1150,0.0
1151,0.0
1154,1.0
1156,0.0
1164,0.0
1166,1.0
1171,1.0
1173,1.0
1177,0.0
1179,0.0
1199,0.0
1201,0.0
1208,0.0
1226,1.0
1227,1.0
1228,0.0
1236,1.0
1240,0.0
1247,0.0
1255,0.0
1276,0.0
1278,0.0
1287,1.0
1289,0.0
1292,0.0
1294,0.0
1307,0.0
1314,1.0
1318,1.0
1319,0.0
1320,0.0
1321,0.0
1330,0.0
1333,0.0
1342,0.0
1347,1.0
1348,0.0
1350,1.0
1372,1.0
1374,0.0
1379,1.0
1381,1.0
1384,1.0
1386,0.0
1393,0.0
1398,0.0
1402,1.0
1408,0.0
1412,0.0
1424,1.0
1427,0.0
1433,0.0
1443,1.0
1447,0.0
1460,0.0
1465,0.0
1475,0.0
1477,0.0
1484,0.0
1490,1.0
1493,0.0
1494,1.0
1499,1.0
1500,1.0
1502,0.0
1506,1.0
1510,1.0
1518,1.0
1523,0.0
1527,1.0
1528,1.0
1532,1.0
1537,1.0
1538,0.0
1544,0.0
1545,0.0
1549,0.0
1554,1.0
1555,0.0
1557,1.0
1558,1.0
1560,0.0
1562,0.0
1564,1.0
1573,0.0
1580,1.0
1582,1.0
1590,0.0
1593,0.0
1604,0.0
1610,0.0
1613,0.0
1616,0.0
1619,0.0
1625,0.0
1627,0.0
1629,0.0
1631,0.0
1633,0.0
1642,0.0
1650,0.0
1653,0.0
1654,0.0
1657,0.0
1658,0.0
1664,0.0
1674,0.0
1679,1.0
1689,0.0
1695,0.0
1713,0.0
1717,1.0
1720,0.0
1725,0.0
1727,0.0
1733,0.0
1734,0.0
1739,0.0
1743,1.0
1746,0.0
1751,0.0
1762,1.0
1763,0.0
1764,1.0
1768,0.0
1769,1.0
1784,0.0
1786,0.0
1787,1.0
1792,0.0
1793,0.0
1799,0.0
1811,0.0
1824,0.0
1825,1.0
1833,0.0
1842,0.0
1843,0.0
1847,0.0
1848,0.0
1859,0.0
1862,1.0
1874,0.0
1882,0.0
1889,0.0
1891,0.0
1892,0.0
1896,0.0
1904,0.0
1907,1.0
1930,1.0
1939,1.0
1942,0.0
1946,0.0
1964,1.0
1966,0.0
1967,0.0
1971,1.0
1981,0.0
1984,0.0
2004,0.0
2009,1.0
2020,0.0
2023,0.0
2026,0.0
2027,1.0
2034,0.0
2035,0.0
2042,0.0
2046,0.0
2048,0.0
2054,0.0
2064,0.0
2065,0.0
2069,0.0
2076,1.0
2080,1.0
2084,1.0
2088,1.0
2094,0.0
2096,1.0
2099,0.0
2107,0.0
2111,1.0
2112,1.0
2119,0.0
2120,0.0
2121,0.0
2138,1.0
2140,0.0
2143,0.0
2145,0.0
2147,0.0
2148,1.0
2156,0.0
2157,0.0
2158,0.0
2167,0.0
2175,1.0
2177,1.0
2180,0.0
2183,0.0
2186,0.0
2187,0.0
2189,0.0
2192,1.0
2193,1.0
2196,0.0
2201,1.0
2203,0.0
2210,0.0
2213,1.0
2214,1.0
2216,0.0
2221,0.0
2222,0.0
2225,0.0
2229,1.0
2232,0.0
2239,0.0
2245,0.0
2246,0.0
2249,0.0
2253,0.0
2256,1.0
2258,0.0
2261,0.0
2262,0.0
2265,0.0
2304,0.0
2309,0.0
2312,0.0
2318,0.0
2319,1.0
2340,0.0
2344,0.0
2349,1.0
2355,0.0
2359,1.0
2369,0.0
2373,1.0
2383,0.0
2385,0.0
2396,0.0
2397,0.0
2410,0.0
2413,1.0
2434,1.0
2438,0.0
2445,1.0
2457,0.0
2464,0.0
2465,0.0
2469,0.0
2489,1.0
2494,1.0
2500,0.0
2506,0.0
2532,0.0
2536,0.0
2537,0.0
2540,0.0
2541,1.0
2543,0.0
2553,0.0
2554,0.0
2564,0.0
2571,1.0
2572,0.0
2574,1.0
2585,0.0
2587,0.0
2593,1.0
2616,0.0
2617,0.0
2619,0.0
2622,1.0
2630,1.0
2639,0.0
2641,1.0
2646,1.0
2662,0.0
2663,0.0
2675,0.0
2679,1.0
2680,0.0
2689,0.0
2690,0.0
2692,1.0
2694,0.0
2703,0.0
2707,0.0
2708,1.0
2716,1.0
2717,0.0
2721,0.0
2727,0.0
2731,1.0
2742,0.0
2744,1.0
2751,0.0
2755,0.0
2756,1.0
2760,0.0
2768,0.0
2770,0.0
2772,1.0
2773,0.0
2775,0.0
2780,1.0
2792,0.0
2798,0.0
2799,0.0
2802,0.0
2810,0.0
2817,0.0
2823,0.0
2827,1.0
2828,0.0
2829,0.0
2841,0.0
2846,1.0
2847,0.0
2867,0.0
2869,0.0
2884,0.0
2885,0.0
2888,0.0
2901,1.0
2902,0.0
2903,1.0
2917,1.0
2918,0.0
2921,0.0
2922,0.0
2930,0.0
2944,0.0
2945,0.0
2954,0.0
2956,1.0
2959,1.0
2962,0.0
2965,1.0
2971,0.0
2972,0.0
2973,0.0
2980,1.0
2981,0.0
2983,1.0
2997,0.0
3015,0.0
3020,0.0
3022,1.0
3024,0.0
3025,1.0
3028,0.0
3033,1.0
3036,0.0
3037,0.0
3039,0.0
3050,0.0
3061,0.0
3068,0.0
3070,0.0
3075,1.0
3078,0.0
3080,0.0
3081,1.0
3083,0.0
3090,0.0
3094,1.0
3097,0.0
3103,0.0
3104,0.0
3107,0.0
3113,1.0
3117,0.0
3121,0.0
3122,0.0
3131,0.0
3137,0.0
3140,1.0
3155,1.0
3161,1.0
3166,0.0
3169,0.0
3170,0.0
3171,0.0
3175,1.0
3179,0.0
3188,0.0
3192,0.0
3197,0.0
3202,0.0
3204,0.0
3205,0.0
3214,0.0
3216,0.0
3221,1.0
3227,0.0
3228,0.0
3231,0.0
3232,0.0
3234,0.0
3237,0.0
3255,1.0
3263,0.0
3264,0.0
3272,0.0
3274,0.0
3284,1.0
3288,0.0
3293,0.0
3305,0.0
3310,1.0
3314,0.0
3317,0.0
3321,0.0
3323,0.0
3326,0.0
3333,0.0
3340,0.0
3344,0.0
3345,1.0
3351,0.0
3367,0.0
3368,0.0
3370,0.0
3371,0.0
3374,0.0
3383,0.0
3385,0.0
3386,0.0
3392,0.0
3405,0.0
3410,0.0
3411,1.0
3413,1.0
3416,1.0
3419,1.0
3422,1.0
3435,0.0
3436,0.0
3437,1.0
3441,0.0
3442,0.0
3445,0.0
3450,0.0
3460,0.0
3472,1.0
3476,0.0
3488,0.0
3490,0.0
3509,0.0
3514,0.0
3526,1.0
3529,1.0
3532,1.0
3539,0.0
3544,1.0
3552,0.0
3568,1.0
3581,1.0
3603,0.0
3604,0.0
3608,0.0
3615,0.0
3623,0.0
3627,0.0
3629,0.0
3640,0.0
3641,0.0
3647,0.0
3649,1.0
3650,0.0
3651,1.0
3659,0.0
3663,0.0
3669,1.0
3671,0.0
3679,0.0
3681,1.0
3684,0.0
3685,1.0
3688,0.0
3690,0.0
3695,1.0
3697,0.0
3704,0.0
3711,0.0
3712,0.0
3718,0.0
3720,0.0
3722,1.0
3723,0.0
3724,0.0
3726,0.0
3732,1.0
3733,0.0
3735,0.0
3741,0.0
3760,0.0
3764,0.0
3769,0.0
3773,0.0
3776,1.0
3777,0.0
3779,0.0
3780,0.0
3782,0.0
3783,0.0
3787,0.0
3789,0.0
3793,0.0
3794,0.0
3795,0.0
3800,1.0
3801,0.0
3805,0.0
3807,0.0
3812,0.0
3813,0.0
3817,1.0
3823,0.0
3835,0.0
3852,0.0
3854,0.0
3857,0.0
3860,1.0
3865,0.0
3868,0.0
3869,0.0
3873,1.0
3875,0.0
3877,0.0
3883,0.0
3889,0.0
3899,1.0
3903,0.0
3905,0.0
3906,0.0
3907,0.0
3911,0.0
3912,1.0
3913,0.0
3917,1.0
3922,1.0
3923,0.0
3924,0.0
3926,0.0
3954,1.0
3963,1.0
3965,0.0
3968,1.0
3973,1.0
3975,0.0
3983,0.0
3990,0.0
3992,1.0
4008,0.0
4010,0.0
4015,0.0
4019,0.0
4023,0.0
4032,0.0
4034,0.0
4040,0.0
4044,1.0
4051,1.0
4054,1.0
4055,0.0
4056,0.0
4066,1.0
4068,0.0
4076,0.0
4078,1.0
4093,0.0
4094,0.0
4095,0.0
4099,0.0
4118,0.0
4128,0.0
4129,0.0
4130,0.0
4131,0.0
4133,0.0
4134,0.0
4135,1.0
4136,1.0
4137,0.0
4142,0.0
4144,1.0
4147,0.0
4155,1.0
4162,0.0
4165,0.0
4168,1.0
4169,0.0
4173,0.0
4179,1.0
4189,0.0
4194,1.0
4198,1.0
4200,0.0
4202,0.0
4209,0.0
4210,0.0
4212,1.0
4224,0.0
4234,0.0
4235,0.0
4241,0.0
4243,0.0
4244,0.0
4249,0.0
4251,0.0
4253,0.0
4262,1.0
4263,0.0
4267,0.0
4269,0.0
4273,1.0
4281,1.0
4282,0.0
4290,0.0
4303,0.0
4305,0.0
4308,0.0
4309,0.0
4312,1.0
4313,0.0
4314,0.0
4320,0.0
4323,0.0
4324,0.0
4327,0.0
4328,0.0
4331,0.0
4336,1.0
4341,0.0
4343,0.0
4351,0.0
4354,0.0
4360,0.0
4365,0.0
4370,0.0
4371,0.0
4375,0.0
4380,1.0
4383,0.0
4386,0.0
4388,1.0
4389,0.0
4404,0.0
4405,0.0
4406,1.0
4408,1.0
4409,1.0
4412,0.0
4423,0.0
4427,0.0
4433,0.0
4451,0.0
4457,0.0
4459,0.0
4460,0.0
4469,1.0
4479,0.0
4495,1.0
4502,0.0
4506,0.0
4511,0.0
4517,1.0
4518,0.0
4521,0.0
4524,0.0
4536,0.0
4545,0.0
4546,1.0
4552,0.0
4555,0.0
4557,1.0
4562,0.0
4567,0.0
4573,1.0
4577,0.0
4586,0.0
4591,0.0
4593,0.0
4609,0.0
4614,0.0
4616,0.0
4618,0.0
4619,0.0
4624,1.0
4625,1.0
4634,0.0
4635,0.0
4640,0.0
4646,0.0
4649,0.0
4652,1.0
4657,0.0
4659,0.0
4664,0.0
4667,1.0
4668,0.0
4669,0.0
4673,0.0
4674,0.0
4675,0.0
4678,0.0
4679,1.0
4685,0.0
4689,0.0
4698,0.0
4710,0.0
4712,1.0
4717,0.0
4720,0.0
4721,0.0
4723,0.0
4729,1.0
4730,0.0
4732,0.0
4734,0.0
4738,0.0
4742,0.0
4744,0.0
4745,0.0
4746,0.0
4747,0.0
4760,0.0
4761,0.0
4762,0.0
4768,0.0
4770,0.0
4773,0.0
4783,0.0
4793,0.0
4796,0.0
4800,0.0
4803,0.0
4819,0.0
4832,0.0
4833,0.0
4850,1.0
4858,0.0
4859,1.0
4862,0.0
4872,0.0
4880,0.0
4891,0.0
4896,1.0
4907,0.0
4910,0.0
4914,0.0
4921,0.0
4928,0.0
4935,0.0
4938,0.0
4947,0.0
4950,0.0
4955,0.0
4960,0.0
4963,0.0
4980,1.0
4990,1.0
4991,0.0
4996,0.0
5003,0.0
5009,0.0
5011,0.0
5014,0.0
5018,1.0
5019,0.0
5020,0.0
5029,0.0
5050,1.0
5051,1.0
5056,1.0
5057,0.0
5059,0.0
5060,0.0
5063,1.0
5067,0.0
5071,0.0
5077,1.0
5079,1.0
5080,0.0
5085,0.0
5087,0.0
5088,1.0
5089,0.0
5097,0.0
5102,1.0
5107,0.0
5113,0.0
5114,0.0
5123,0.0
5128,0.0
5136,0.0
5138,0.0
5141,0.0
5143,0.0
5148,1.0
5156,0.0
5162,0.0
5173,0.0
5175,0.0
5178,0.0
5185,1.0
5194,0.0
5198,0.0
5202,1.0
5203,1.0
5205,0.0
5206,0.0
5219,0.0
5220,1.0
5223,0.0
5226,0.0
5228,0.0
5231,1.0
5239,1.0
5241,0.0
5242,0.0
5244,0.0
5247,0.0
5248,0.0
5253,0.0
5264,0.0
5268,0.0
5271,0.0
5275,0.0
5285,1.0
5287,0.0
5289,0.0
5307,0.0
5310,0.0
5315,0.0
5317,1.0
5318,0.0
5319,1.0
5321,0.0
5323,0.0
5330,0.0
5335,1.0
5343,0.0
5345,0.0
5353,0.0
5355,0.0
5357,0.0
5358,0.0
5360,0.0
5364,1.0
5369,0.0
5375,0.0
5382,0.0
5383,0.0
5384,0.0
5389,0.0
5392,1.0
5396,0.0
5397,0.0
5401,0.0
5406,1.0
5408,0.0
5423,1.0
5424,0.0
5427,1.0
5429,0.0
5438,0.0
5441,0.0
5446,1.0
5469,0.0
5472,0.0
5473,0.0
5476,1.0
5484,0.0
5487,0.0
5490,0.0
5492,0.0
5501,1.0
5503,0.0
5505,1.0
5513,0.0
5516,0.0
5521,0.0
5523,1.0
5526,1.0
5527,0.0
5535,0.0
5544,0.0
5575,0.0
5576,0.0
5581,0.0
5582,1.0
5591,0.0
5593,0.0
5594,0.0
5595,0.0
5598,1.0
5605,1.0
5616,0.0
5618,0.0
5624,1.0
5625,0.0
5626,1.0
5631,1.0
5636,1.0
5638,1.0
5641,1.0
5653,1.0
5658,1.0
5663,1.0
5665,1.0
5669,0.0
5670,0.0
5673,0.0
5676,0.0
5680,0.0
5682,0.0
5699,1.0
5709,1.0
5712,1.0
5714,1.0
5717,0.0
5719,0.0
5725,0.0
5737,0.0
5740,1.0
5742,0.0
5752,1.0
5760,1.0
5775,0.0
5779,0.0
5784,1.0
5788,0.0
5796,0.0
5797,1.0
5802,1.0
5809,1.0
5812,0.0
5816,0.0
5817,0.0
5821,0.0
5828,0.0
5844,1.0
5845,1.0
5846,0.0
5853,0.0
5857,0.0
5862,0.0
5866,0.0
5868,0.0
5869,0.0
5871,0.0
5875,0.0
5880,0.0
5885,1.0
5890,1.0
5897,1.0
5900,0.0
5913,1.0
5921,0.0
5927,1.0
5932,0.0
5933,1.0
5945,0.0
5950,0.0
5954,0.0
5955,1.0
5964,0.0
5967,1.0
5971,0.0
5977,0.0
5980,1.0
5996,0.0
6004,0.0
6008,0.0
6009,0.0
6014,0.0
6024,0.0
6038,1.0
6046,1.0
6050,0.0
6055,0.0
6060,0.0
6063,0.0
6064,0.0
6069,0.0
6070,0.0
6078,1.0
6084,1.0
6085,0.0
6090,1.0
6096,0.0
6098,0.0
6103,1.0
6105,1.0
6107,1.0
6108,0.0
6123,0.0
6139,0.0
6141,1.0
6143,0.0
6149,0.0
6153,1.0
6154,0.0
6155,1.0
6157,0.0
6158,1.0
6159,0.0
6165,0.0
6168,1.0
6169,0.0
6172,1.0
6174,0.0
6178,0.0
6183,0.0
6184,0.0
6185,1.0
6191,0.0
6203,0.0
6229,1.0
6230,0.0
6231,1.0
6234,0.0
6236,1.0
6238,0.0
6244,0.0
6262,1.0
6264,0.0
6269,1.0
6270,0.0
6277,0.0
6278,1.0
6286,0.0
6287,0.0
6293,0.0
6294,0.0
6301,1.0
6305,0.0
6321,1.0
6323,0.0
6326,0.0
6330,0.0
6333,0.0
6335,0.0
6337,0.0
6338,0.0
6361,1.0
6371,0.0
6373,0.0
6374,1.0
6389,0.0
6392,0.0
6393,1.0
6404,1.0
6405,0.0
6415,1.0
6420,1.0
6421,0.0
6439,1.0
6445,1.0
6456,1.0
6459,0.0
6462,0.0
6473,1.0
6475,0.0
6476,0.0
6481,1.0
6487,0.0
6488,0.0
6493,0.0
6494,1.0
6498,1.0
6504,0.0
6506,0.0
6510,0.0
6523,0.0
6526,0.0
6530,0.0
6535,0.0
6537,0.0
6540,1.0
6541,1.0
6549,0.0
6564,0.0
6567,1.0
6583,0.0
6587,0.0
6592,1.0
6596,0.0
6602,1.0
6608,0.0
6610,0.0
6612,1.0
6615,1.0
6621,0.0
6626,0.0
6629,0.0
6636,1.0
6638,1.0
6639,0.0
6645,0.0
6646,0.0
6647,1.0
6654,0.0
6658,0.0
6668,0.0
6679,0.0
6680,0.0
6683,0.0
6692,0.0
6693,0.0
6703,0.0
6705,1.0
6709,0.0
6712,0.0
6717,1.0
6731,0.0
6736,1.0
6738,0.0
6741,0.0
6745,0.0
6752,0.0
6770,0.0
6783,0.0
6789,1.0
6794,0.0
6795,1.0
6804,0.0
6806,0.0
6807,0.0
6817,0.0
6822,0.0
6829,0.0
6830,0.0
6831,0.0
6835,0.0
6845,0.0
6849,0.0
6853,0.0
6867,1.0
6875,0.0
6876,1.0
6880,0.0
6881,0.0
6883,0.0
6885,0.0
6900,1.0
6902,0.0
6907,1.0
6909,0.0
6912,0.0
6913,1.0
6917,0.0
6929,1.0
6940,0.0
6943,0.0
6944,0.0
6946,1.0
6948,1.0
6951,1.0
6962,0.0
6963,1.0
6965,0.0
6971,1.0
6978,1.0
6980,0.0
6987,1.0
6989,0.0
6997,0.0
7003,0.0
7004,1.0
7010,0.0
7015,0.0
7019,1.0
7026,0.0
7041,0.0
7055,0.0
7060,0.0
7068,0.0
7070,0.0
7081,0.0
7087,0.0
7094,1.0
7097,0.0
7098,0.0
7107,0.0
7120,1.0
7124,1.0
7135,0.0
7148,1.0
7149,0.0
7150,0.0
7155,0.0
7166,0.0
7176,1.0
7177,0.0
7182,1.0
7185,0.0
7189,0.0
7191,0.0
7197,0.0
7200,0.0
7201,0.0
7204,0.0
7206,0.0
7212,0.0
7223,1.0
7224,0.0
7226,0.0
7232,0.0
7235,1.0
7236,0.0
7238,0.0
7245,0.0
7247,0.0
7260,0.0
7263,0.0
7265,0.0
7273,0.0
7277,0.0
7278,0.0
7292,0.0
7296,0.0
7311,1.0
7312,1.0
7314,0.0
7321,0.0
7322,0.0
7325,1.0
7333,0.0
7340,0.0
7358,1.0
7360,1.0
7362,0.0
7364,0.0
7370,0.0
7376,0.0
7382,0.0
7389,0.0
7392,1.0
7397,1.0
7404,0.0
7409,1.0
7414,0.0
7433,0.0
7434,1.0
7437,1.0
7446,0.0
7448,1.0
7449,0.0
7451,0.0
7452,0.0
7454,0.0
7455,0.0
7456,1.0
7459,0.0
7465,1.0
7469,1.0
7473,0.0
7481,0.0
7486,0.0
7487,0.0
7491,1.0
7495,0.0
7499,1.0
7500,0.0
7504,0.0
7508,1.0
7509,0.0
7511,0.0
7513,0.0
7518,1.0
7525,0.0
7530,0.0
7532,0.0
7535,1.0
7537,1.0
7538,0.0
7540,0.0
7543,1.0
7553,0.0
7555,0.0
7562,1.0
7563,0.0
7565,0.0
7566,0.0
7579,0.0
7580,1.0
7583,0.0
7586,0.0
7588,0.0
7589,0.0
7593,0.0
7596,0.0
7598,0.0
7601,1.0
7602,0.0
7604,0.0
7608,0.0
7612,0.0
7618,0.0
7624,0.0
7625,1.0
7635,1.0
7637,0.0
7638,1.0
7640,0.0
7642,1.0
7643,0.0
7656,0.0
7660,1.0
7665,0.0
7672,0.0
7682,0.0
7684,0.0
7696,0.0
7698,0.0
7703,1.0
7704,0.0
7707,0.0
7727,0.0
7732,0.0
7740,0.0
7742,0.0
7744,0.0
7750,1.0
7751,0.0
7753,1.0
7755,0.0
7756,0.0
7769,0.0
7772,1.0
7773,0.0
7775,1.0
7776,0.0
7777,0.0
7780,1.0
7783,0.0
7788,1.0
7793,0.0
7798,0.0
7800,0.0
7817,0.0
7822,0.0
7827,0.0
7831,0.0
7838,0.0
7850,0.0
7855,0.0
7867,0.0
7868,0.0
7871,0.0
7872,1.0
7873,0.0
7877,0.0
7880,0.0
7887,0.0
7901,1.0
7912,0.0
7921,1.0
7922,0.0
7924,1.0
7925,1.0
7934,0.0
7937,1.0
7941,1.0
7944,0.0
7949,1.0
7953,0.0
7958,1.0
7962,0.0
7968,0.0
7969,0.0
7972,0.0
7976,0.0
7980,0.0
7989,0.0
8012,0.0
8019,0.0
8022,1.0
8024,0.0
8033,0.0
8038,0.0
8045,0.0
8050,0.0
8054,0.0
8059,0.0
8062,0.0
8063,0.0
8072,1.0
8073,0.0
8075,1.0
8076,0.0
8079,0.0
8081,0.0
8087,0.0
8101,0.0
8102,0.0
8103,0.0
8104,0.0
8108,0.0
8114,1.0
8120,1.0
8125,0.0
8126,1.0
8134,1.0
8151,0.0
8152,1.0
8155,0.0
8159,1.0
8160,0.0
8161,1.0
8170,0.0
8180,0.0
8182,0.0
8184,0.0
8190,1.0
8191,0.0
8199,0.0
8202,0.0
8203,1.0
8206,0.0
8207,0.0
8208,0.0
8209,0.0
8214,1.0
8216,0.0
8224,0.0
8225,0.0
8230,0.0
8232,0.0
8243,1.0
8248,0.0
8249,0.0
8257,0.0
8260,0.0
8264,0.0
8268,0.0
8277,0.0
8278,0.0
8279,0.0
8295,1.0
8298,0.0
8299,1.0
8300,1.0
8304,0.0
8326,0.0
8333,0.0
8337,1.0
8339,0.0
8348,0.0
8354,0.0
8360,0.0
8361,0.0
8363,0.0
8364,0.0
8374,0.0
8377,1.0
8378,1.0
8379,0.0
8380,1.0
8386,0.0
8398,1.0
8401,1.0
8408,1.0
8426,0.0
8428,0.0
8432,1.0
8435,0.0
8441,0.0
8444,0.0
8447,0.0
8450,0.0
8461,1.0
8463,0.0
8468,0.0
8473,0.0
8477,0.0
8481,0.0
8487,0.0
8489,0.0
8494,1.0
8497,0.0
8505,0.0
8509,0.0
8510,1.0
8526,0.0
8531,0.0
8532,0.0
8537,0.0
8540,0.0
8544,0.0
8552,0.0
8553,0.0
8554,0.0
8558,0.0
8568,0.0
8585,0.0
8592,0.0
8599,1.0
8605,1.0
8606,0.0
8608,0.0
8610,0.0
8612,0.0
8617,1.0
8623,0.0
8629,1.0
8633,1.0
8636,0.0
8649,1.0
8651,0.0
8654,1.0
8660,1.0
8668,0.0
8672,0.0
8673,0.0
8677,1.0
8681,0.0
8687,0.0
8688,1.0
8694,0.0
8697,0.0
8702,0.0
8708,0.0
8715,0.0
8722,0.0
8736,0.0
8742,1.0
8744,0.0
8746,0.0
8751,0.0
8752,0.0
8770,1.0
8772,0.0
8773,0.0
8777,1.0
8785,0.0
8793,1.0
8794,1.0
8795,0.0
8799,0.0
8800,0.0
8803,1.0
8807,0.0
8808,0.0
8811,1.0
8816,1.0
8817,0.0
8824,0.0
8829,1.0
8830,1.0
8832,0.0
8833,0.0
8835,0.0
8836,0.0
8843,0.0
8848,0.0
8850,0.0
8860,1.0
8863,0.0
8864,0.0
8866,0.0
8868,0.0
8872,1.0
8874,0.0
8879,1.0
8883,0.0
8887,0.0
8888,0.0
8890,1.0
8892,0.0
8896,1.0
8902,1.0
8904,0.0
8909,1.0
8917,1.0
8938,0.0
8939,0.0
8940,0.0
8941,1.0
8943,0.0
8948,0.0
8949,0.0
8957,1.0
8966,1.0
8972,0.0
8974,0.0
8978,0.0
8979,0.0
8990,0.0
8994,0.0
8995,0.0
8997,1.0
8999,1.0
9000,1.0
9001,0.0
9005,0.0
9012,1.0
9023,0.0
9025,0.0
9026,0.0
9033,1.0
9036,0.0
9037,0.0
9043,0.0
9049,0.0
9051,0.0
9053,0.0
9072,0.0
9077,1.0
9087,0.0
9096,0.0
9108,0.0
9111,0.0
9114,0.0
9119,1.0
9124,1.0
9127,1.0
9131,0.0
9135,0.0
9138,0.0
9139,0.0
9141,0.0
9142,0.0
9146,1.0
9153,0.0
9157,0.0
9158,0.0
9164,1.0
9171,0.0
9175,0.0
9176,0.0
9177,0.0
9178,0.0
9184,0.0
9188,0.0
9195,1.0
9198,0.0
9200,1.0
9201,1.0
9208,0.0
9209,1.0
9211,0.0
9213,0.0
9239,1.0
9240,0.0
9243,0.0
9245,0.0
9248,0.0
9249,0.0
9251,1.0
9254,0.0
9257,1.0
9262,0.0
9265,0.0
9268,0.0
9271,0.0
9275,1.0
9283,0.0
9289,0.0
9298,0.0
9302,0.0
9309,0.0
9310,0.0
9313,0.0
9314,1.0
9324,0.0
9327,1.0
9328,1.0
9331,1.0
9336,1.0
9352,0.0
9353,0.0
9354,0.0
9355,1.0
9361,1.0
9363,0.0
9365,0.0
9376,1.0
9381,0.0
9386,1.0
9387,1.0
9395,1.0
9399,0.0
9405,0.0
9406,0.0
9410,0.0
9415,1.0
9416,1.0
9422,1.0
9423,0.0
9424,1.0
9425,0.0
9426,0.0
9428,1.0
9429,1.0
9433,0.0
9441,1.0
9447,0.0
9457,0.0
9475,0.0
9480,0.0
9482,0.0
9483,0.0
9485,0.0
9486,1.0
9487,0.0
9489,0.0
9501,1.0
9504,0.0
9508,1.0
9514,0.0
9515,0.0
9530,0.0
9531,0.0
9535,0.0
9538,0.0
9541,1.0
9548,0.0
9549,0.0
9550,0.0
9552,0.0
9553,0.0
9560,1.0
9563,0.0
9565,0.0
9570,0.0
9576,0.0
9583,0.0
9591,0.0
9595,1.0
9601,0.0
9602,0.0
9603,1.0
9607,1.0
9608,1.0
9612,1.0
9622,0.0
9629,1.0
9632,0.0
9646,0.0
9647,0.0
9654,0.0
9656,0.0
9664,1.0
9665,1.0
9667,0.0
9669,0.0
9676,1.0
9677,0.0
9678,0.0
9692,1.0
9717,1.0
9719,1.0
9743,0.0
9744,0.0
9745,1.0
9752,0.0
9757,1.0
9758,0.0
9762,0.0
9765,0.0
9766,0.0
9776,1.0
9780,0.0
9782,0.0
9788,0.0
9789,0.0
9798,0.0
9801,0.0
9802,0.0
9804,1.0
9806,0.0
9811,0.0
9817,0.0
9818,1.0
9819,1.0
9821,1.0
9823,0.0
9833,0.0
9835,0.0
9845,1.0
9846,0.0
9855,0.0
9863,1.0
9866,0.0
9868,0.0
9874,0.0
9879,0.0
9884,1.0
9888,1.0
9893,0.0
9900,0.0
9908,1.0
9913,0.0
9914,1.0
9918,0.0
9919,1.0
9932,0.0
9939,1.0
9945,1.0
9947,0.0
9955,0.0
9957,1.0
9958,0.0
9961,0.0
9966,0.0
9972,1.0
9975,0.0
9977,1.0
9981,0.0
9986,0.0
9987,0.0
9988,1.0
9990,1.0
9991,0.0
9993,0.0
9999,0.0
10001,1.0
10004,0.0
10007,0.0
10008,0.0
10010,0.0
10020,0.0
10021,1.0
10052,0.0
10057,1.0
10065,0.0
10073,0.0
10075,0.0
10089,1.0
10091,0.0
10097,0.0
10098,0.0
10101,0.0
10102,0.0
10103,1.0
10105,0.0
10107,1.0
10112,1.0
10116,1.0
10118,0.0
10121,1.0
10124,0.0
10139,0.0
10146,0.0
10154,0.0
10158,0.0
10163,1.0
10174,0.0
10175,0.0
10177,0.0
10185,0.0
10199,0.0
10203,1.0
10205,1.0
10210,0.0
10211,0.0
10216,0.0
10217,0.0
10219,0.0
10229,0.0
10232,1.0
10233,0.0
10234,0.0
10238,0.0
10239,0.0
10241,0.0
10242,0.0
10244,0.0
10245,1.0
10246,0.0
10249,0.0
10253,1.0
10256,0.0
10259,0.0
10260,1.0
10264,0.0
10272,0.0
10273,0.0
10275,0.0
10276,0.0
10288,1.0
10289,0.0
10297,0.0
10300,0.0
10303,0.0
10304,0.0
10310,1.0
10312,0.0
10319,0.0
10322,0.0
10325,0.0
10327,0.0
10331,1.0
10335,1.0
10342,0.0
10347,0.0
10349,0.0
10350,0.0
10353,0.0
10364,0.0
10371,0.0
10372,1.0
10376,0.0
10379,1.0
10382,0.0
10395,1.0
10396,1.0
10398,1.0
10399,0.0
10400,0.0
10401,0.0
10402,0.0
10409,1.0
10411,0.0
10414,0.0
10423,0.0
10427,0.0
10431,0.0
10442,0.0
10461,0.0
10471,1.0
10476,0.0
10478,1.0
10481,0.0
10483,0.0
10489,0.0
10492,0.0
10494,1.0
10496,0.0
10515,0.0
10520,0.0
10521,0.0
10522,1.0
10527,0.0
10529,0.0
10531,0.0
10532,0.0
10534,0.0
10542,1.0
10546,0.0
10551,0.0
10557,0.0
10563,0.0
10565,1.0
10570,0.0
10571,0.0
10573,0.0
10582,1.0
10599,1.0
10606,0.0
10607,0.0
10613,0.0
10629,0.0
10633,0.0
10634,0.0
10640,1.0
10642,0.0
10643,1.0
10646,0.0
10647,1.0
10660,0.0
10668,0.0
10674,0.0
10685,1.0
10703,0.0
10706,0.0
10708,1.0
10709,1.0
10721,0.0
10735,1.0
10737,0.0
10763,1.0
10766,1.0
10775,0.0
10778,0.0
10779,1.0
10780,0.0
10791,1.0
10796,0.0
10797,0.0
10800,0.0
10801,0.0
10804,0.0
10807,0.0
10809,0.0
10815,1.0
10816,0.0
10817,0.0
10828,1.0
10842,1.0
10857,0.0
10865,0.0
10873,0.0
10875,0.0
10886,0.0
10889,0.0
10890,1.0
10895,0.0
10899,1.0
10904,0.0
10906,0.0
10913,0.0
10916,0.0
10935,1.0
10946,0.0
10947,1.0
10950,0.0
10954,0.0
10968,0.0
10983,0.0
10986,0.0
10989,0.0
10991,1.0
10995,0.0
10996,0.0
10998,0.0
10999,1.0
11000,0.0
11009,0.0
11015,1.0
11017,1.0
11023,0.0
11033,1.0
11038,0.0
11040,0.0
11046,0.0
11047,0.0
11052,0.0
11054,0.0
11055,0.0
11062,0.0
11064,0.0
11067,1.0
11069,0.0
11070,0.0
11071,0.0
11076,0.0
11078,1.0
11085,1.0
11090,0.0
11092,1.0
11093,0.0
11111,1.0
11112,0.0
11127,1.0
11134,0.0
11152,0.0
11153,0.0
11159,1.0
11162,0.0
11178,0.0
11180,1.0
11205,1.0
11206,0.0
11215,0.0
11220,0.0
11222,1.0
11227,0.0
11234,0.0
11236,1.0
11238,0.0
11243,0.0
11255,0.0
11266,0.0
11271,1.0
11280,0.0
11284,1.0
11287,1.0
11290,0.0
11292,0.0
11295,1.0
11296,0.0
11297,1.0
11298,0.0
11300,0.0
11303,0.0
11308,1.0
11312,0.0
11328,1.0
11330,0.0
11331,0.0
11336,0.0
11342,1.0
11346,0.0
11347,1.0
11354,1.0
11367,0.0
11368,0.0
11370,1.0
11377,0.0
11379,0.0
11383,1.0
11386,0.0
11391,0.0
11392,0.0
11398,0.0
11402,0.0
11403,0.0
11411,1.0
11422,1.0
11428,0.0
11429,0.0
11430,0.0
11431,0.0
11443,1.0
11449,1.0
11450,1.0
11475,0.0
11484,1.0
11487,0.0
11492,1.0
11494,1.0
11504,0.0
11507,1.0
11517,1.0
11521,0.0
11523,0.0
11532,0.0
11548,1.0
11550,1.0
11559,0.0
11562,0.0
11564,1.0
11566,0.0
11568,0.0
11588,1.0
11590,0.0
11597,0.0
11602,1.0
11603,0.0
11610,0.0
11616,1.0
11625,0.0
11626,0.0
11635,0.0
11641,0.0
11642,0.0
11647,0.0
11650,0.0
11662,0.0
11665,1.0
11684,0.0
11685,0.0
11697,0.0
11698,0.0
11699,0.0
11707,0.0
11709,0.0
11710,0.0
11712,0.0
11717,0.0
11723,1.0
11733,0.0
11735,0.0
11741,1.0
11760,1.0
11766,0.0
11767,0.0
11774,0.0
11778,1.0
11785,1.0
11789,1.0
11790,0.0
11795,0.0
11805,0.0
11807,0.0
11809,0.0
11810,1.0
11813,1.0
11815,0.0
11819,0.0
11821,0.0
11828,0.0
11831,0.0
11833,1.0
11835,0.0
11836,0.0
11843,1.0
11846,0.0
11861,1.0
11863,1.0
11864,0.0
11871,0.0
11872,1.0
11885,0.0
11893,0.0
11899,1.0
11900,0.0
11904,0.0
11905,0.0
11906,0.0
11911,0.0
11913,1.0
11914,0.0
11917,0.0
11923,0.0
11928,1.0
11929,0.0
11935,0.0
11936,0.0
11947,0.0
11953,0.0
11956,0.0
11963,0.0
11967,0.0
11971,1.0
11973,0.0
11975,0.0
11978,0.0
11980,0.0
11982,0.0
11988,0.0
11990,0.0
11997,0.0
12002,0.0
12006,0.0
12010,0.0
12013,0.0
12023,0.0
12032,0.0
12033,0.0
12040,1.0
12045,1.0
12050,0.0
12055,0.0
12063,0.0
12068,0.0
12069,0.0
12070,0.0
12071,0.0
12077,0.0
12090,1.0
12091,0.0
12093,0.0
12097,0.0
12102,0.0
12114,1.0
12117,1.0
12121,0.0
12124,1.0
12132,0.0
12134,0.0
12136,1.0
12140,0.0
12142,0.0
12143,1.0
12149,0.0
12153,0.0
12162,0.0
12163,0.0
12168,0.0
12169,1.0
12176,0.0
12192,0.0
12195,0.0
12196,1.0
12201,1.0
12205,1.0
12208,1.0
12213,0.0
12214,0.0
12217,1.0
12218,0.0
12220,1.0
12227,0.0
12232,0.0
12237,1.0
12241,0.0
12244,1.0
12246,0.0
12250,0.0
12286,0.0
12291,1.0
12302,1.0
12303,1.0
12310,0.0
12316,1.0
12317,0.0
12319,1.0
12322,1.0
12327,0.0
12332,1.0
12333,0.0
12334,0.0
12345,0.0
12351,1.0
12357,0.0
12363,0.0
12365,0.0
12375,0.0
12388,0.0
12395,0.0
12400,0.0
12401,1.0
12404,0.0
12405,0.0
12407,0.0
12409,1.0
12412,1.0
12416,0.0
12423,0.0
12424,0.0
12425,0.0
12429,0.0
12431,1.0
12432,0.0
12450,0.0
12456,0.0
12462,1.0
12464,1.0
12467,0.0
12473,0.0
12474,1.0
12475,1.0
12485,0.0
12486,1.0
12503,0.0
12513,0.0
12523,1.0
12525,0.0
12529,0.0
12531,0.0
12586,0.0
12592,1.0
12598,1.0
12599,0.0
12602,0.0
12603,0.0
12619,0.0
12623,1.0
12629,1.0
12637,0.0
12640,1.0
12642,1.0
12645,0.0
12655,0.0
12658,1.0
12665,1.0
12671,1.0
12672,1.0
12674,0.0
12677,1.0
12691,0.0
12692,1.0
12694,0.0
12699,0.0
12706,1.0
12710,1.0
12715,0.0
12716,1.0
12722,1.0
12734,0.0
12737,0.0
12741,0.0
12745,0.0
12752,0.0
12757,0.0
12759,0.0
12762,0.0
12763,0.0
12767,0.0
12771,0.0
12775,0.0
12776,0.0
12782,1.0
12800,0.0
12802,0.0
12803,0.0
12804,0.0
12816,0.0
12823,0.0
12838,0.0
12846,0.0
12849,1.0
12866,1.0
12874,1.0
12882,0.0
12884,0.0
12886,0.0
12889,0.0
12902,0.0
12905,0.0
12906,0.0
12908,0.0
12911,0.0
12913,0.0
12914,0.0
12929,1.0
12930,0.0
12933,0.0
12950,0.0
12954,0.0
12970,0.0
12971,0.0
12972,1.0
12985,0.0
12986,1.0
12987,0.0
12998,0.0
13014,0.0
13025,1.0
13035,0.0
13038,0.0
13039,0.0
13040,0.0
13042,1.0
13052,1.0
13056,0.0
13063,0.0
13065,0.0
13067,1.0
13068,1.0
13072,0.0
13078,1.0
13085,1.0
13088,0.0
13092,1.0
13096,1.0
13097,0.0
13104,0.0
13106,1.0
13107,1.0
13109,0.0
13111,1.0
13113,1.0
13117,0.0
13126,0.0
13128,0.0
13133,1.0
13141,1.0
13145,0.0
13148,0.0
13151,0.0
13156,0.0
13157,1.0
13158,1.0
13160,1.0
13161,0.0
13165,0.0
13167,0.0
13169,1.0
13185,0.0
13190,0.0
13193,0.0
13199,0.0
13202,0.0
13208,0.0
13211,0.0
13212,0.0
13217,1.0
13221,0.0
13228,1.0
13233,0.0
13256,1.0
13257,0.0
13267,0.0
13269,0.0
13290,0.0
13291,0.0
13298,0.0
13302,0.0
13305,0.0
13306,1.0
13308,0.0
13310,0.0
13311,0.0
13321,0.0
13322,0.0
13323,1.0
13329,0.0
13337,0.0
13343,1.0
13347,0.0
13354,1.0
13355,1.0
13358,1.0
13364,1.0
13367,0.0
13369,1.0
13370,1.0
13371,1.0
13376,1.0
13384,1.0
13388,0.0
13391,0.0
13392,1.0
13394,1.0
13398,0.0
13403,0.0
13409,1.0
13410,0.0
13412,0.0
13415,0.0
13433,0.0
13434,0.0
13444,0.0
13445,0.0
13450,1.0
13461,1.0
13463,0.0
13465,0.0
13470,0.0
13471,1.0
13476,0.0
13480,0.0
13483,0.0
13489,0.0
13491,0.0
13499,0.0
13507,0.0
13515,0.0
13524,0.0
13525,1.0
13529,1.0
13531,0.0
13537,0.0
13545,0.0
13547,0.0
13549,1.0
13550,0.0
13563,1.0
13565,0.0
13569,0.0
13579,1.0
13581,1.0
13584,0.0
13587,0.0
13591,0.0
13593,1.0
13608,0.0
13609,1.0
13611,1.0
13612,0.0
13624,0.0
13625,1.0
13628,1.0
13638,1.0
13644,1.0
13646,0.0
13647,0.0
13651,1.0
13653,1.0
13663,1.0
13672,0.0
13679,0.0
13683,0.0
13689,0.0
13692,1.0
13695,0.0
13699,1.0
13700,0.0
13702,0.0
13706,0.0
13710,0.0
13712,0.0
13713,0.0
13715,0.0
13719,0.0
13724,1.0
13726,0.0
13732,0.0
13737,0.0
13742,1.0
13755,0.0
13756,0.0
13758,0.0
13760,1.0
13766,0.0
13781,0.0
13785,0.0
13786,0.0
13791,0.0
13794,1.0
13797,1.0
13806,0.0
13808,0.0
13810,0.0
13814,0.0
13816,0.0
13817,0.0
13821,1.0
13823,0.0
13828,0.0
13831,1.0
13839,1.0
13840,1.0
13850,0.0
13867,0.0
13870,1.0
13877,0.0
13879,0.0
13887,1.0
13889,1.0
13890,0.0
13894,0.0
13906,0.0
13909,1.0
13911,1.0
13912,0.0
13919,0.0
13922,0.0
13926,0.0
13928,1.0
13934,1.0
13935,0.0
13938,0.0
13945,0.0
13949,0.0
13950,0.0
13953,0.0
13955,0.0
13957,1.0
13968,0.0
13979,0.0
13980,0.0
13985,0.0
13986,0.0
13988,0.0
13991,0.0
13993,1.0
14000,0.0
14001,0.0
14003,0.0
14004,0.0
14005,0.0
14011,0.0
14014,0.0
14020,1.0
14023,0.0
14044,0.0
14046,1.0
14056,0.0
14058,0.0
14059,1.0
14065,0.0
14067,0.0
14069,0.0
14073,0.0
14075,1.0
14088,0.0
14100,1.0
14112,0.0
14114,0.0
14115,0.0
14119,0.0
14127,1.0
14130,0.0
14133,1.0
14135,0.0
14136,1.0
14137,0.0
14138,1.0
14151,1.0
14152,1.0
14154,0.0
14155,1.0
14158,0.0
14163,0.0
14164,1.0
14170,0.0
14173,0.0
14174,0.0
14180,1.0
14185,1.0
14188,1.0
14190,0.0
14191,0.0
14200,0.0
14205,1.0
14209,1.0
14213,0.0
14220,1.0
14221,1.0
14229,1.0
14230,0.0
14235,0.0
14240,1.0
14244,0.0
14248,0.0
14250,0.0
14261,0.0
14262,0.0
14264,0.0
14266,0.0
14269,1.0
14275,0.0
14278,0.0
14280,0.0
14284,0.0
14288,1.0
14289,1.0
14292,0.0
14294,1.0
14295,0.0
14296,0.0
14297,1.0
14309,0.0
14311,1.0
14312,0.0
14314,1.0
14317,1.0
14318,0.0
14321,1.0
14324,1.0
14330,0.0
14333,0.0
14340,0.0
14342,1.0
14343,0.0
14344,0.0
14345,0.0
14346,0.0
14348,0.0
14351,0.0
14357,0.0
14360,1.0
14362,1.0
14363,0.0
14365,0.0
14373,1.0
14375,0.0
14380,0.0
14386,0.0
14397,0.0
14409,0.0
14411,0.0
14414,1.0
14421,0.0
14422,0.0
14424,1.0
14435,0.0
14441,1.0
14443,0.0
14454,1.0
14464,0.0
14468,1.0
14470,0.0
14474,0.0
14478,0.0
14479,0.0
14487,0.0
14490,1.0
14498,1.0
14500,0.0
14515,0.0
14519,1.0
14521,1.0
14522,0.0
14525,0.0
14536,1.0
14537,0.0
14549,0.0
14559,0.0
14560,1.0
14561,0.0
14574,1.0
14585,0.0
14591,0.0
14600,1.0
14601,0.0
14603,0.0
14605,0.0
14612,0.0
14626,0.0
14640,0.0
14651,0.0
14661,0.0
14664,0.0
14672,0.0
14674,0.0
14678,1.0
14682,0.0
14685,0.0
14694,0.0
14704,0.0
14707,0.0
14708,0.0
14709,0.0
14714,0.0
14716,0.0
14722,0.0
14724,0.0
14726,0.0
14727,0.0
14732,0.0
14734,0.0
14742,0.0
14745,0.0
14751,0.0
14756,1.0
14758,0.0
14761,0.0
14762,0.0
14773,0.0
14776,1.0
14777,0.0
14788,0.0
14796,0.0
14797,0.0
14810,0.0
14811,0.0
14817,0.0
14824,1.0
14826,0.0
14828,0.0
14829,1.0
14836,0.0
14838,0.0
14848,1.0
14862,0.0
14868,0.0
14881,0.0
14883,1.0
14885,0.0
14887,1.0
14889,0.0
14903,1.0
14937,1.0
14951,0.0
14957,0.0
14959,0.0
14962,0.0
14971,1.0
14978,0.0
14979,0.0
14985,0.0
14987,1.0
15002,0.0
15005,1.0
15008,1.0
15014,0.0
15023,1.0
15025,0.0
15029,1.0
15035,1.0
15037,1.0
15038,0.0
15046,1.0
15048,1.0
15055,1.0
15059,1.0
15067,0.0
15069,0.0
15072,0.0
15080,0.0
15083,0.0
15087,1.0
15091,0.0
15094,0.0
15096,0.0
15097,1.0
15114,0.0
15119,1.0
15125,0.0
15132,1.0
15142,0.0
15155,1.0
15162,0.0
15163,0.0
15177,0.0
15197,1.0
15199,1.0
15203,1.0
15205,1.0
15207,0.0
15213,0.0
15217,1.0
15230,0.0
15237,0.0
15238,0.0
15239,0.0
15248,0.0
15255,0.0
15259,0.0
15289,0.0
15295,0.0
15297,0.0
15298,1.0
15306,1.0
15307,0.0
15308,0.0
15320,0.0
15322,0.0
15324,0.0
15334,0.0
15341,1.0
15345,0.0
15348,0.0
15353,0.0
15361,0.0
15371,0.0
15378,0.0
15382,0.0
15393,0.0
15398,0.0
15400,1.0
15404,0.0
15406,0.0
15411,0.0
15412,0.0
15414,1.0
15416,1.0
15426,0.0
15429,0.0
15435,0.0
15437,0.0
15438,0.0
15442,1.0
15443,0.0
15444,1.0
15445,0.0
15449,0.0
15455,1.0
15464,0.0
15465,0.0
15467,0.0
15469,0.0
15473,0.0
15475,0.0
15481,0.0
15491,0.0
15497,0.0
15509,0.0
15518,1.0
15522,0.0
15534,0.0
15547,1.0
15560,1.0
15562,0.0
15563,1.0
15565,0.0
15578,0.0
15579,1.0
15580,0.0
15586,0.0
15588,0.0
15590,0.0
15596,0.0
15614,1.0
15619,1.0
15626,0.0
15632,1.0
15635,1.0
15652,0.0
15653,1.0
15661,1.0
15663,0.0
15665,0.0
15666,0.0
15673,1.0
15691,0.0
15699,0.0
15714,0.0
15721,1.0
15735,1.0
15743,0.0
15745,0.0
15757,0.0
15759,0.0
15761,0.0
15765,0.0
15766,0.0
15769,0.0
15787,0.0
15788,1.0
15809,0.0
15817,0.0
15818,1.0
15819,0.0
15829,0.0
15843,0.0
15849,0.0
15856,0.0
15862,1.0
15867,0.0
15868,0.0
15871,0.0
15872,0.0
15875,0.0
15877,0.0
15882,1.0
15883,0.0
15884,1.0
15885,0.0
15890,1.0
15893,1.0
15897,0.0
15899,0.0
15911,0.0
15930,0.0
15931,0.0
15936,0.0
15939,0.0
15943,0.0
15944,0.0
15948,0.0
15959,1.0
15962,1.0
15969,0.0
15976,0.0
15981,0.0
15984,0.0
15994,0.0
16003,0.0
16004,1.0
16005,1.0
16010,0.0
16018,1.0
16020,1.0
16033,0.0
16050,1.0
16059,0.0
16064,0.0
16065,0.0
16069,0.0
16075,0.0
16090,0.0
16093,1.0
16100,0.0
16103,1.0
16112,1.0
16113,0.0
16114,1.0
16126,1.0
16127,0.0
16136,0.0
16137,0.0
16138,1.0
16141,0.0
16143,0.0
16147,1.0
16150,1.0
16153,0.0
16155,0.0
16164,0.0
16165,0.0
16167,0.0
16178,1.0
16192,0.0
16195,0.0
16197,0.0
16209,0.0
16227,1.0
16231,0.0
16236,0.0
16239,0.0
16251,0.0
16258,0.0
16261,0.0
16262,0.0
16269,0.0
16271,0.0
16275,0.0
16289,0.0
16294,1.0
16296,0.0
16298,0.0
16299,0.0
16301,0.0
16302,0.0
16304,0.0
16308,0.0
16311,0.0
16315,0.0
16319,0.0
16325,0.0
16326,0.0
16337,0.0
16341,0.0
16345,1.0
16347,0.0
16354,0.0
16355,0.0
16377,0.0
16381,0.0
16390,0.0
16391,0.0
16394,1.0
16398,0.0
16402,0.0
16407,0.0
16412,0.0
16414,0.0
16416,1.0
16419,0.0
16430,0.0
16438,1.0
16440,1.0
16443,0.0
16445,0.0
16450,0.0
16453,0.0
16455,0.0
16457,1.0
16460,0.0
16461,0.0
16468,0.0
16478,1.0
16483,0.0
16485,1.0
16486,0.0
16490,0.0
16493,1.0
16506,1.0
16507,0.0
16518,0.0
16522,0.0
16525,1.0
16529,0.0
16531,0.0
16534,1.0
16541,0.0
16549,1.0
16554,0.0
16555,0.0
16557,0.0
16566,0.0
16575,0.0
16578,0.0
16579,0.0
16594,1.0
16597,0.0
16599,0.0
16603,1.0
16604,1.0
16606,0.0
16609,0.0
16611,1.0
16616,0.0
16624,1.0
16631,1.0
16633,1.0
16649,0.0
16651,0.0
16653,0.0
16654,0.0
16655,1.0
16656,0.0
16659,0.0
16660,1.0
16661,0.0
16666,1.0
16668,0.0
16672,0.0
16674,1.0
16675,0.0
16677,0.0
16678,0.0
16692,0.0
16700,0.0
16708,1.0
16714,1.0
16721,1.0
16723,0.0
16726,1.0
16734,1.0
16740,0.0
16746,0.0
16751,0.0
16757,0.0
16764,0.0
16770,0.0
16784,0.0
16792,1.0
16799,0.0
16804,0.0
16808,0.0
16817,0.0
16819,0.0
16826,1.0
16829,0.0
16842,1.0
16846,0.0
16854,1.0
16859,1.0
16861,1.0
16862,0.0
16868,1.0
16871,0.0
16873,0.0
16875,0.0
16882,0.0
16892,0.0
16894,0.0
16913,1.0
16916,0.0
16925,0.0
16929,0.0
16930,0.0
16931,0.0
16933,0.0
16936,0.0
16940,0.0
16941,1.0
16956,0.0
16961,0.0
16962,0.0
16966,0.0
16967,1.0
16971,0.0
16973,0.0
16983,0.0
16986,0.0
16993,1.0
16994,1.0
16998,0.0
16999,0.0
17003,0.0
17005,1.0
17033,0.0
17037,0.0
17039,0.0
17049,0.0
17054,0.0
17058,1.0
17065,0.0
17067,0.0
17076,0.0
17078,1.0
17081,0.0
17084,1.0
17086,0.0
17098,0.0
17104,0.0
17107,0.0
17109,0.0
17110,0.0
17115,1.0
17122,0.0
17123,0.0
17129,0.0
17131,0.0
17137,0.0
17142,1.0
17156,0.0
17159,0.0
17165,0.0
17166,0.0
17169,0.0
17178,0.0
17179,0.0
17183,0.0
17188,1.0
17196,1.0
17211,0.0
17218,1.0
17222,1.0
17224,0.0
17228,0.0
17233,0.0
17234,0.0
17238,0.0
17241,0.0
17242,0.0
17245,0.0
17246,0.0
17254,0.0
17257,1.0
17259,1.0
17263,0.0
17269,0.0
17270,0.0
17271,0.0
17284,0.0
17293,0.0
17296,0.0
17297,1.0
17298,1.0
17301,1.0
17305,0.0
17312,1.0
17314,0.0
17323,0.0
17325,0.0
17326,0.0
17329,0.0
17338,0.0
17344,0.0
17349,0.0
17350,1.0
17351,0.0
17370,0.0
17371,0.0
17380,0.0
17384,0.0
17387,0.0
17389,0.0
17391,1.0
17398,0.0
17403,0.0
17406,0.0
17407,1.0
17415,0.0
17417,0.0
17422,0.0
17433,1.0
17437,1.0
17442,1.0
17443,0.0
17446,0.0
17452,1.0
17453,0.0
17459,0.0
17466,0.0
17479,0.0
17487,1.0
17489,1.0
17492,0.0
17497,0.0
17502,0.0
17512,0.0
17516,0.0
17519,1.0
17524,0.0
17532,0.0
17533,0.0
17544,0.0
17552,0.0
17553,0.0
17556,0.0
17562,1.0
17563,0.0
17565,0.0
17575,1.0
17576,0.0
17579,1.0
17581,0.0
17595,1.0
17596,0.0
17601,1.0
17613,0.0
17622,0.0
17623,0.0
17626,1.0
17627,0.0
17629,0.0
17633,1.0
17638,0.0
17639,0.0
17651,0.0
17656,0.0
17660,0.0
17661,0.0
17665,1.0
17677,0.0
17679,1.0
17681,0.0
17686,1.0
17687,1.0
17692,1.0
17695,0.0
17702,0.0
17704,0.0
17710,0.0
17714,0.0
17716,0.0
17720,0.0
17726,0.0
17727,0.0
17736,0.0
17744,0.0
17754,0.0
17763,1.0
17767,0.0
17773,0.0
17776,0.0
17784,0.0
17785,1.0
17788,0.0
17792,0.0
17798,0.0
17801,0.0
17809,0.0
17812,0.0
17818,1.0
17824,0.0
17827,0.0
17832,0.0
17840,0.0
17841,0.0
17843,0.0
17848,0.0
17849,1.0
17854,0.0
17856,1.0
17860,0.0
17861,1.0
17862,0.0
17867,0.0
17875,0.0
17881,0.0
17884,0.0
17892,0.0
17893,0.0
17901,0.0
17902,0.0
17905,0.0
17906,1.0
17910,1.0
17916,0.0
17920,0.0
17931,0.0
17940,0.0
17944,0.0
17948,0.0
17953,0.0
17956,0.0
17957,1.0
17959,0.0
17966,1.0
17974,0.0
17984,0.0
17999,1.0
18001,0.0
18007,0.0
18013,0.0
18014,1.0
18018,0.0
18020,0.0
18021,1.0
18025,1.0
18028,0.0
18029,0.0
18033,1.0
18034,0.0
18035,0.0
18038,0.0
18052,0.0
18065,0.0
18074,0.0
18075,0.0
18078,0.0
18088,1.0
18103,0.0
18109,0.0
18118,0.0
18122,0.0
18123,0.0
18128,0.0
18130,1.0
18132,0.0
18135,0.0
18147,0.0
18151,0.0
18166,0.0
18176,0.0
18177,0.0
18182,0.0
18193,0.0
18196,1.0
18198,0.0
18212,0.0
18213,0.0
18220,0.0
18226,0.0
18234,0.0
18238,1.0
18244,0.0
18247,1.0
18264,1.0
18265,0.0
18266,1.0
18273,0.0
18278,0.0
18282,0.0
18290,0.0
18296,0.0
18301,0.0
18302,0.0
18314,0.0
18323,0.0
18325,0.0
18333,0.0
18335,0.0
18343,0.0
18345,0.0
18346,0.0
18349,0.0
18351,0.0
18352,0.0
18363,0.0
18365,0.0
18372,0.0
18388,0.0
18390,1.0
18392,0.0
18394,0.0
18399,0.0
18404,0.0
18407,0.0
18420,0.0
18424,1.0
18442,0.0
18443,0.0
18450,0.0
18455,0.0
18457,1.0
18459,0.0
18460,0.0
18466,1.0
18467,0.0
18474,1.0
18480,0.0
18484,0.0
18493,0.0
18494,1.0
18507,1.0
18518,0.0
18521,0.0
18529,0.0
18532,0.0
18536,0.0
18541,1.0
18546,0.0
18547,0.0
18552,0.0
18559,0.0
18560,0.0
18564,1.0
18571,0.0
18584,1.0
18592,0.0
18596,1.0
18599,0.0
18600,0.0
18619,0.0
18620,0.0
18624,1.0
18628,1.0
18636,0.0
18648,1.0
18652,1.0
18659,0.0
18670,0.0
18671,0.0
18676,0.0
18680,1.0
18683,1.0
18684,0.0
18685,0.0
18686,1.0
18688,0.0
18689,0.0
18708,0.0
18715,1.0
18722,0.0
18732,1.0
18746,0.0
18758,1.0
18772,0.0
18781,0.0
18796,0.0
18809,0.0
18816,0.0
18819,1.0
18822,0.0
18824,0.0
18835,0.0
18836,0.0
18849,0.0
18856,0.0
18860,1.0
18866,0.0
18869,0.0
18876,1.0
18886,0.0
18887,1.0
18897,0.0
18899,0.0
18913,0.0
18920,0.0
18921,1.0
18925,0.0
18936,0.0
18944,0.0
18946,0.0
18948,0.0
18952,0.0
18953,0.0
18956,0.0
18959,0.0
18964,0.0
18972,0.0
18982,0.0
18989,0.0
18990,0.0
18992,0.0
18994,0.0
18995,0.0
18997,0.0
19002,0.0
19009,1.0
19013,0.0
19014,0.0
19018,1.0
19027,0.0
19035,1.0
19037,0.0
19039,0.0
19045,0.0
19050,0.0
19053,1.0
19055,0.0
19069,0.0
19073,0.0
19077,0.0
19078,0.0
19082,0.0
19084,0.0
19087,0.0
19098,1.0
19123,0.0
19126,1.0
19133,0.0
19140,0.0
19145,0.0
19149,0.0
19158,1.0
19164,0.0
19168,0.0
19169,0.0
19175,0.0
19186,0.0
19188,0.0
19191,0.0
19201,0.0
19207,0.0
19208,0.0
19209,1.0
19215,0.0
19216,0.0
19217,0.0
19222,1.0
19223,0.0
19224,0.0
19227,0.0
19239,0.0
19245,0.0
19265,0.0
19268,1.0
19273,0.0
19274,1.0
19286,1.0
19297,0.0
19302,0.0
19305,1.0
19312,0.0
19324,0.0
19325,0.0
19327,0.0
19329,0.0
19338,0.0
19339,0.0
19341,0.0
19342,0.0
19343,0.0
19347,1.0
19349,0.0
19356,0.0
19360,1.0
19362,0.0
19363,1.0
19370,0.0
19375,1.0
19376,0.0
19380,0.0
19383,0.0
19389,0.0
19401,0.0
19404,0.0
19408,0.0
19417,0.0
19428,1.0
19432,0.0
19445,0.0
19457,0.0
19459,1.0
19461,0.0
19464,0.0
19470,0.0
19471,1.0
19477,0.0
19479,0.0
19486,0.0
19494,0.0
19496,1.0
19499,0.0
19502,1.0
19506,1.0
19516,0.0
19532,0.0
19536,0.0
19540,0.0
19560,0.0
19562,0.0
19565,1.0
19567,1.0
19575,0.0
19576,1.0
19577,0.0
19590,0.0
19596,1.0
19618,0.0
19621,1.0
19622,0.0
19623,0.0
19626,1.0
19628,0.0
19632,0.0
19638,0.0
19640,0.0
19642,0.0
19645,1.0
19648,1.0
19651,1.0
19656,0.0
19658,0.0
19659,1.0
19667,1.0
19677,0.0
19685,0.0
19689,0.0
19693,0.0
19694,0.0
19700,0.0
19701,0.0
19711,0.0
19719,1.0
19729,1.0
19730,1.0
19734,0.0
19738,0.0
19739,1.0
19742,0.0
19749,0.0
19751,1.0
19753,0.0
19761,0.0
19769,0.0
19774,1.0
19776,0.0
19781,0.0
19782,1.0
19785,1.0
19804,0.0
19807,0.0
19809,0.0
19818,1.0
19820,0.0
19826,0.0
19829,0.0
19831,0.0
19832,0.0
19833,0.0
19842,0.0
19843,0.0
19845,0.0
19846,0.0
19848,0.0
19849,1.0
19850,0.0
19860,1.0
19863,0.0
19865,0.0
19872,0.0
19877,0.0
19885,0.0
19891,0.0
19892,1.0
19900,0.0
19901,1.0
19919,0.0
19920,0.0
19921,0.0
19928,1.0
19931,1.0
19934,0.0
19935,1.0
19939,1.0
19945,1.0
19949,1.0
19951,0.0
19954,0.0
19969,1.0
19975,0.0
19982,0.0
19983,0.0
19986,0.0
19990,1.0
19993,1.0
19995,0.0
20006,1.0
20014,0.0
20018,0.0
20020,1.0
20022,0.0
20024,1.0
20033,0.0
20035,0.0
20037,0.0
20038,1.0
20039,0.0
20044,1.0
20045,0.0
20047,0.0
20059,0.0
20061,0.0
20064,0.0
20067,0.0
20073,1.0
20086,1.0
20096,0.0
20110,0.0
20116,0.0
20124,1.0
20128,1.0
20133,0.0
20134,0.0
20138,0.0
20141,1.0
20146,0.0
20153,1.0
20156,0.0
20157,0.0
20161,1.0
20168,0.0
20178,0.0
20201,0.0
20206,1.0
20214,1.0
20215,1.0
20216,1.0
20217,1.0
20218,0.0
20225,0.0
20235,0.0
20238,0.0
20245,0.0
20246,1.0
20252,0.0
20254,0.0
20267,0.0
20269,1.0
20270,0.0
20278,1.0
20279,0.0
20281,1.0
20282,1.0
20294,0.0
20301,0.0
20304,1.0
20305,1.0
20307,0.0
20308,1.0
20310,0.0
20323,0.0
20329,0.0
20334,1.0
20343,0.0
20348,1.0
20355,0.0
20357,1.0
20359,0.0
20361,1.0
20377,0.0
20390,1.0
20393,0.0
20396,1.0
20402,0.0
20404,0.0
20414,1.0
20416,0.0
20419,0.0
20424,1.0
20429,1.0
20434,1.0
20442,0.0
20445,1.0
20457,0.0
20458,0.0
20461,0.0
20466,0.0
20469,1.0
20481,0.0
20488,0.0
20494,0.0
20495,0.0
20496,1.0
20504,0.0
20508,1.0
20519,0.0
20521,0.0
20534,0.0
20538,1.0
20543,0.0
20546,0.0
20553,0.0
20555,0.0
20556,1.0
20565,0.0
20567,1.0
20574,0.0
20576,1.0
20592,1.0
20595,0.0
20596,1.0
20601,1.0
20602,1.0
20608,1.0
20611,0.0
20617,0.0
20620,1.0
20627,0.0
20633,1.0
20636,0.0
20640,0.0
20641,1.0
20646,0.0
20654,0.0
20655,0.0
20660,0.0
20663,1.0
20673,1.0
20678,0.0
20679,0.0
20682,1.0
20686,0.0
20687,1.0
20692,0.0
20694,1.0
20695,0.0
20698,0.0
20700,0.0
20701,0.0
20703,0.0
20720,0.0
20724,0.0
20730,0.0
20736,0.0
20740,1.0
20741,0.0
20752,0.0
20755,0.0
20768,0.0
20770,0.0
20773,0.0
20776,0.0
20780,0.0
20791,0.0
20796,0.0
20807,1.0
20809,0.0
20812,0.0
20819,0.0
20822,1.0
20825,1.0
20828,1.0
20831,0.0
20832,0.0
20836,0.0
20837,0.0
20838,0.0
20839,0.0
20846,0.0
20855,1.0
20860,0.0
20862,0.0
20868,1.0
20874,0.0
20876,1.0
20888,0.0
20893,0.0
20900,0.0
20918,1.0
20922,0.0
20934,1.0
20936,0.0
20938,1.0
20939,0.0
20942,0.0
20945,1.0
20948,0.0
20949,0.0
20957,1.0
20960,1.0
20964,0.0
20966,1.0
20968,0.0
20969,0.0
20973,1.0
20974,1.0
20986,0.0
20994,0.0
20995,0.0
20997,1.0
21001,0.0
21011,1.0
21012,1.0
21013,0.0
21014,0.0
21016,0.0
21019,0.0
21027,0.0
21030,0.0
21035,0.0
21038,0.0
21039,0.0
21047,0.0
21048,0.0
21050,0.0
21053,0.0
21060,1.0
21069,0.0
21071,0.0
21078,0.0
21087,0.0
21089,0.0
21090,0.0
21092,0.0
21103,0.0
21113,0.0
21116,0.0
21119,0.0
21120,0.0
21131,0.0
21135,0.0
21138,0.0
21139,0.0
21145,1.0
21149,0.0
21163,0.0
21176,1.0
21177,0.0
21179,1.0
21197,0.0
21202,0.0
21209,0.0
21216,0.0
21217,0.0
21219,0.0
21221,0.0
21227,0.0
21235,0.0
21238,0.0
21246,0.0
21259,0.0
21264,0.0
21266,0.0
21270,0.0
21278,0.0
21285,0.0
21287,0.0
21293,0.0
21297,0.0
21298,1.0
21299,0.0
21303,0.0
21305,0.0
21306,0.0
21308,0.0
21310,0.0
21325,0.0
21330,0.0
21331,1.0
21341,1.0
21344,1.0
21347,1.0
21352,1.0
21356,0.0
21357,1.0
21368,0.0
21369,1.0
21370,0.0
21372,0.0
21384,0.0
21391,0.0
21400,1.0
21402,0.0
21405,1.0
21412,0.0
21413,0.0
21415,1.0
21422,1.0
21426,0.0
21441,1.0
21442,0.0
21447,0.0
21451,0.0
21458,0.0
21462,0.0
21466,0.0
21473,0.0
21483,1.0
21487,0.0
21494,0.0
21497,0.0
21501,0.0
21502,0.0
21509,1.0
21512,1.0
21515,1.0
21532,1.0
21534,0.0
21538,0.0
21540,0.0
21543,1.0
21553,0.0
21561,0.0
21568,0.0
21571,1.0
21577,0.0
21578,0.0
21579,1.0
21583,0.0
21588,1.0
21593,0.0
21594,0.0
21597,0.0
21598,0.0
21605,0.0
21622,0.0
21629,1.0
21638,1.0
21640,0.0
21644,0.0
21646,0.0
21647,0.0
21656,0.0
21670,0.0
21672,0.0
21676,0.0
21677,0.0
21687,0.0
21695,0.0
21698,0.0
21699,0.0
21702,0.0
21709,0.0
21720,0.0
21726,0.0
21727,0.0
21730,0.0
21740,0.0
21742,0.0
21743,1.0
21747,0.0
21749,0.0
21752,0.0
21755,0.0
21762,0.0
21766,0.0
21767,0.0
21771,1.0
21773,0.0
21774,0.0
21779,0.0
21785,0.0
21786,0.0
21804,0.0
21827,0.0
21830,0.0
21836,0.0
21841,0.0
21845,0.0
21848,0.0
21855,1.0
21857,0.0
21861,0.0
21863,0.0
21866,0.0
21878,0.0
21880,0.0
21882,0.0
21884,0.0
21890,0.0
21891,0.0
21901,0.0
21908,0.0
21909,0.0
21913,0.0
21917,0.0
21918,0.0
21921,1.0
21925,0.0
21929,0.0
21930,0.0
21933,0.0
21939,0.0
21944,0.0
21947,1.0
21952,0.0
21953,0.0
21955,0.0
21962,1.0
21969,0.0
21970,1.0
21980,0.0
21983,0.0
21989,0.0
21996,0.0
21998,0.0
22000,0.0
22001,0.0
22009,0.0
22012,0.0
22021,0.0
22023,0.0
22027,0.0
22028,1.0
22041,0.0
22044,0.0
22048,0.0
22049,0.0
22058,0.0
22063,0.0
22066,0.0
22068,0.0
22073,0.0
22081,0.0
22083,0.0
22089,0.0
22095,1.0
22099,0.0
22104,0.0
22105,1.0
22118,0.0
22125,0.0
22129,0.0
22151,1.0
22154,0.0
22159,1.0
22163,0.0
22169,0.0
22172,0.0
22176,0.0
22185,0.0
22192,0.0
22193,0.0
22194,0.0
22197,0.0
22198,0.0
22205,0.0
22207,0.0
22208,0.0
22209,1.0
22216,0.0
22219,0.0
22221,1.0
22231,0.0
22243,0.0
22244,0.0
22249,0.0
22255,1.0
22260,1.0
22263,0.0
22269,0.0
22278,0.0
22279,0.0
22283,0.0
22287,0.0
22292,0.0
22296,1.0
22301,0.0
22306,1.0
22309,0.0
22315,1.0
22318,0.0
22323,0.0
22325,0.0
22326,0.0
22328,0.0
22330,1.0
22339,1.0
22341,0.0
22346,0.0
22350,0.0
22356,0.0
22357,0.0
22360,0.0
22361,1.0
22364,0.0
22370,1.0
22372,0.0
22390,1.0
22403,0.0
22408,0.0
22410,0.0
22423,0.0
22427,1.0
22435,0.0
22443,0.0
22444,0.0
22450,0.0
22451,0.0
22455,0.0
22462,0.0
22463,0.0
22466,1.0
22471,0.0
22484,1.0
22487,0.0
22490,0.0
22496,0.0
22503,0.0
22504,0.0
22507,0.0
22515,0.0
22521,0.0
22526,0.0
22542,1.0
22548,0.0
22549,0.0
22550,1.0
22556,0.0
22561,0.0
22564,0.0
22566,0.0
22571,0.0
22574,0.0
22577,0.0
22578,0.0
22579,0.0
22580,0.0
22590,0.0
22592,0.0
22596,0.0
22599,1.0
22601,0.0
22602,0.0
22615,0.0
22616,0.0
22621,0.0
22622,0.0
22623,0.0
22627,0.0
22633,0.0
22639,0.0
22640,0.0
22652,0.0
22659,0.0
22671,0.0
22673,0.0
22688,0.0
22693,1.0
22697,0.0
22704,0.0
22708,1.0
22710,0.0
22713,1.0
22714,0.0
22728,1.0
22729,0.0
22732,1.0
22747,0.0
22749,0.0
22753,0.0
22755,0.0
22757,1.0
22766,1.0
22767,0.0
22768,0.0
22775,0.0
22777,0.0
22779,0.0
22781,0.0
22788,0.0
22796,0.0
22798,1.0
22803,0.0
22813,0.0
22817,1.0
22820,0.0
22822,0.0
22830,0.0
22840,0.0
22846,0.0
22847,1.0
22859,0.0
22861,0.0
22868,0.0
22874,1.0
22876,0.0
22886,0.0
22891,0.0
22898,0.0
22899,1.0
22900,0.0
22906,0.0
22908,0.0
22915,0.0
22918,0.0
22921,0.0
22925,0.0
22926,0.0
22927,0.0
22929,0.0
22930,0.0
22933,0.0
22936,0.0
22938,1.0
22948,0.0
22950,0.0
22954,0.0
22955,0.0
22964,1.0
22965,1.0
22967,1.0
22971,0.0
22974,0.0
22977,0.0
22980,0.0
22987,0.0
22993,0.0
22995,0.0
22996,0.0
23002,0.0
23010,1.0
23015,0.0
23027,0.0
23028,1.0
23030,0.0
23034,0.0
23037,0.0
23041,0.0
23048,1.0
23050,1.0
23052,0.0
23056,1.0
23057,0.0
23062,0.0
23063,0.0
23066,0.0
23070,0.0
23074,1.0
23076,1.0
23081,0.0
23089,0.0
23090,0.0
23093,0.0
23096,0.0
23102,0.0
23106,1.0
23116,0.0
23119,0.0
23121,0.0
23123,0.0
23125,1.0
23128,1.0
23135,1.0
23140,0.0
23141,1.0
23146,0.0
23153,0.0
23158,0.0
23161,0.0
23164,0.0
23170,1.0
23172,0.0
23174,0.0
23178,1.0
23181,1.0
23184,0.0
23187,0.0
23188,0.0
23190,0.0
23208,0.0
23213,0.0
23214,0.0
23220,0.0
23227,1.0
23232,0.0
23240,1.0
23251,0.0
23254,0.0
23256,0.0
23262,0.0
23266,0.0
23280,0.0
23281,0.0
23288,0.0
23291,1.0
23294,0.0
23295,0.0
23296,0.0
23300,0.0
23301,0.0
23303,0.0
23308,0.0
23311,1.0
23315,0.0
23320,0.0
23333,0.0
23341,0.0
23343,0.0
23349,0.0
23350,0.0
23366,1.0
23367,0.0
23373,0.0
23377,0.0
23384,0.0
23386,0.0
23387,0.0
23388,1.0
23398,1.0
23402,0.0
23405,1.0
23407,0.0
23413,0.0
23414,0.0
23418,1.0
23435,0.0
23438,1.0
23443,0.0
23444,0.0
23447,0.0
23449,0.0
23454,0.0
23468,0.0
23471,0.0
23476,0.0
23477,1.0
23478,1.0
23480,1.0
23486,0.0
23489,0.0
23490,1.0
23491,1.0
23493,0.0
23495,0.0
23496,0.0
23505,0.0
23514,1.0
23527,0.0
23531,0.0
23547,1.0
23548,0.0
23550,0.0
23551,0.0
23554,0.0
23555,0.0
23558,0.0
23563,0.0
23582,0.0
23591,0.0
23596,1.0
23600,0.0
23604,1.0
23614,0.0
23615,0.0
23618,0.0
23620,1.0
23621,0.0
23625,1.0
23634,0.0
23636,0.0
23639,0.0
23643,0.0
23645,0.0
23654,0.0
23671,0.0
23672,0.0
23681,0.0
23682,0.0
23698,0.0
23701,0.0
23703,1.0
23705,0.0
23706,1.0
23712,0.0
23713,0.0
23715,0.0
23717,1.0
23720,0.0
23726,1.0
23734,0.0
23736,0.0
23743,0.0
23748,1.0
23754,1.0
23768,1.0
23771,0.0
23772,0.0
23773,0.0
23778,0.0
23779,0.0
23781,1.0
23792,1.0
23794,0.0
23796,1.0
23802,1.0
23814,1.0
23827,1.0
23829,1.0
23830,1.0
23832,1.0
23833,1.0
23843,0.0
23844,1.0
23851,1.0
23854,1.0
23856,0.0
23866,0.0
23871,1.0
23873,0.0
23879,0.0
23882,1.0
23885,0.0
23897,0.0
23899,0.0
23902,0.0
23903,0.0
23906,0.0
23907,0.0
23911,0.0
23915,0.0
23916,0.0
23917,0.0
23921,0.0
23927,0.0
23939,1.0
23943,0.0
23944,1.0
23946,0.0
23950,0.0
23955,0.0
23961,0.0
23965,0.0
23969,0.0
23970,0.0
23975,0.0
23979,0.0
23986,1.0
23987,0.0
23992,0.0
23996,0.0
23997,0.0
23998,1.0
24009,0.0
24014,0.0
24022,0.0
24025,0.0
24026,1.0
24032,0.0
24045,0.0
24059,0.0
24061,0.0
24064,1.0
24066,1.0
24069,0.0
24070,0.0
24072,0.0
24078,0.0
24081,1.0
24083,0.0
24088,0.0
24093,0.0
24095,0.0
24099,0.0
24104,0.0
24105,0.0
24107,1.0
24110,1.0
24116,0.0
24119,1.0
24124,0.0
24133,0.0
24139,1.0
24150,0.0
24152,0.0
24153,0.0
24155,0.0
24160,0.0
24161,1.0
24164,0.0
24165,0.0
24169,1.0
24172,1.0
24175,0.0
24180,0.0
24181,1.0
24186,0.0
24187,0.0
24189,0.0
24200,1.0
24210,1.0
24214,1.0
24215,1.0
24218,0.0
24220,1.0
24221,1.0
24237,1.0
24239,1.0
24242,0.0
24244,0.0
24246,0.0
24250,0.0
24255,1.0
24257,0.0
24260,0.0
24262,0.0
24263,0.0
24265,0.0
24272,0.0
24277,0.0
24288,1.0
24291,0.0
24292,0.0
24297,1.0
24298,0.0
24302,1.0
24303,0.0
24304,0.0
24322,1.0
24328,0.0
24340,0.0
24344,1.0
24349,0.0
24352,0.0
24357,1.0
24360,0.0
24363,1.0
24366,1.0
24369,1.0
24376,0.0
24379,0.0
24380,0.0
24386,0.0
24389,1.0
24390,0.0
24407,1.0
24408,1.0
24412,0.0
24415,0.0
24426,1.0
24433,1.0
24438,0.0
24442,0.0
24447,0.0
24453,1.0
24454,0.0
24460,0.0
24462,1.0
24463,0.0
24467,0.0
24468,0.0
24498,1.0
24500,0.0
24507,0.0
24516,0.0
24518,0.0
24519,1.0
24537,1.0
24539,1.0
24549,0.0
24551,0.0
24560,0.0
24576,1.0
24578,0.0
24579,0.0
24581,0.0
24589,0.0
24590,0.0
24591,1.0
24598,0.0
24601,0.0
24605,0.0
24610,1.0
24611,0.0
24616,0.0
24618,0.0
24622,1.0
24629,0.0
24632,1.0
24633,1.0
24634,0.0
24637,0.0
24640,0.0
24642,0.0
24643,0.0
24644,1.0
24648,0.0
24649,0.0
24651,1.0
24654,0.0
24655,0.0
24660,0.0
24662,1.0
24666,0.0
24668,1.0
24669,0.0
24681,0.0
24694,1.0
24697,0.0
24698,1.0
24701,0.0
24702,1.0
24709,0.0
24716,0.0
24723,1.0
24727,0.0
24730,0.0
24736,0.0
24739,0.0
24742,0.0
24743,1.0
24754,1.0
24756,0.0
24760,0.0
24764,0.0
24765,0.0
24775,1.0
24786,1.0
24788,0.0
24790,0.0
24791,0.0
24803,0.0
24806,1.0
24811,0.0
24815,0.0
24816,0.0
24819,0.0
24827,0.0
24830,0.0
24831,0.0
24835,0.0
24841,1.0
24845,0.0
24846,0.0
24847,1.0
24850,1.0
24854,1.0
24855,0.0
24870,1.0
24872,0.0
24873,0.0
24876,0.0
24884,0.0
24888,0.0
24891,0.0
24896,0.0
24898,1.0
24907,1.0
24912,1.0
24917,1.0
24922,0.0
24932,0.0
24935,0.0
24947,0.0
24950,0.0
24968,0.0
24970,0.0
24972,1.0
24992,1.0
24995,0.0
24997,1.0
24999,1.0
25000,1.0
25001,0.0
25002,1.0
25008,1.0
25023,0.0
25025,0.0
25026,1.0
25029,1.0
25033,0.0
25036,1.0
25037,0.0
25042,1.0
25049,0.0
25054,0.0
25056,0.0
25066,1.0
25071,1.0
25074,0.0
25078,1.0
25080,0.0
25084,0.0
25085,0.0
25092,0.0
25096,1.0
25102,1.0
25103,0.0
25108,1.0
25111,1.0
25112,0.0
25113,0.0
25118,0.0
25120,0.0
25121,1.0
25123,1.0
25130,0.0
25133,0.0
25139,0.0
25140,0.0
25143,0.0
25146,1.0
25147,1.0
25148,0.0
25154,0.0
25168,1.0
25176,1.0
25177,0.0
25178,0.0
25179,1.0
25190,1.0
25198,0.0
25231,0.0
25240,0.0
25241,0.0
25242,0.0
25245,0.0
25258,1.0
25262,0.0
25264,1.0
25277,1.0
25279,0.0
25280,0.0
25283,0.0
25285,1.0
25287,0.0
25317,1.0
25329,1.0
25332,0.0
25336,0.0
25338,0.0
25339,1.0
25345,0.0
25348,1.0
25350,0.0
25352,0.0
25360,1.0
25363,0.0
25365,0.0
25367,1.0
25368,1.0
25369,1.0
25374,0.0
25375,1.0
25376,0.0
25378,0.0
25381,1.0
25385,1.0
25388,1.0
25398,0.0
25399,1.0
25400,1.0
25406,0.0
25408,0.0
25411,0.0
25415,0.0
25417,0.0
25422,0.0
25427,1.0
25435,0.0
25438,0.0
25441,0.0
25444,1.0
25445,0.0
25452,0.0
25455,0.0
25457,0.0
25459,1.0
25460,0.0
25467,1.0
25468,0.0
25469,0.0
25470,1.0
25474,0.0
25479,1.0
25481,0.0
25500,1.0
25503,1.0
25510,0.0
25514,0.0
25515,0.0
25517,1.0
25527,0.0
25530,0.0
25532,0.0
25542,0.0
25547,0.0
25552,0.0
25563,0.0
25570,0.0
25571,1.0
25575,0.0
25576,0.0
25586,0.0
25587,0.0
25590,0.0
25595,0.0
25597,0.0
25606,0.0
25610,0.0
25616,0.0
25617,1.0
25619,0.0
25620,0.0
25622,0.0
25625,0.0
25627,0.0
25632,1.0
25636,0.0
25643,1.0
25650,0.0
25661,0.0
25662,0.0
25672,1.0
25677,0.0
25684,0.0
25687,0.0
25690,0.0
25701,1.0
25705,0.0
25706,0.0
25709,1.0
25718,1.0
25722,0.0
25724,0.0
25730,0.0
25731,0.0
25734,1.0
25739,1.0
25758,0.0
25760,0.0
25768,0.0
25771,1.0
25773,0.0
25778,1.0
25780,0.0
25783,1.0
25789,1.0
25795,1.0
25802,0.0
25805,0.0
25815,0.0
25829,0.0
25846,0.0
25849,0.0
25851,1.0
25855,0.0
25860,0.0
25865,0.0
25866,1.0
25867,0.0
25868,0.0
25876,1.0
25877,0.0
25889,0.0
25897,1.0
25898,0.0
25905,1.0
25906,1.0
25912,0.0
25914,1.0
25927,0.0
25931,1.0
25933,1.0
25937,0.0
25938,0.0
25945,1.0
25950,1.0
25958,1.0
25960,0.0
25963,1.0
25968,1.0
25977,0.0
25979,0.0
25985,0.0
25991,0.0
25997,0.0
25999,1.0
26001,0.0
26005,0.0
26008,0.0
26015,1.0
26022,1.0
26037,1.0
26040,0.0
26042,0.0
26049,1.0
26050,1.0
26052,0.0
26056,0.0
26059,0.0
26061,0.0
26063,1.0
26066,1.0
26067,0.0
26071,0.0
26073,0.0
26074,0.0
26080,1.0
26107,1.0
26111,1.0
26112,0.0
26114,0.0
26121,0.0
26134,0.0
26135,0.0
26138,0.0
26146,1.0
26154,0.0
26161,1.0
26164,0.0
26172,0.0
26176,0.0
26178,0.0
26183,1.0
26189,0.0
26203,0.0
26204,0.0
26211,1.0
26214,0.0
26222,0.0
26226,0.0
26231,1.0
26236,1.0
26242,0.0
26245,0.0
26247,1.0
26248,1.0
26259,0.0
26262,0.0
26266,1.0
26268,0.0
26270,0.0
26272,0.0
26281,0.0
26285,0.0
26296,0.0
26305,0.0
26308,0.0
26312,0.0
26318,0.0
26328,0.0
26329,1.0
26332,0.0
26336,0.0
26340,0.0
26360,1.0
26364,0.0
26365,0.0
26366,0.0
26375,1.0
26377,0.0
26381,0.0
26385,0.0
26388,0.0
26390,0.0
26399,0.0
26400,0.0
26406,0.0
26414,0.0
26418,1.0
26420,1.0
26421,0.0
26422,1.0
26423,0.0
26440,1.0
26441,0.0
26443,0.0
26445,1.0
26446,0.0
26447,0.0
26450,0.0
26458,0.0
26464,1.0
26465,0.0
26473,0.0
26475,0.0
26480,0.0
26486,1.0
26500,0.0
26502,1.0
26512,1.0
26516,0.0
26526,1.0
26533,0.0
26534,1.0
26544,0.0
26549,0.0
26557,0.0
26570,1.0
26571,1.0
26572,1.0
26574,0.0
26577,1.0
26582,1.0
26583,1.0
26589,0.0
26592,0.0
26601,0.0
26605,0.0
26607,0.0
26612,1.0
26614,0.0
26615,0.0
26617,0.0
26618,0.0
26627,1.0
26629,0.0
26634,0.0
26644,0.0
26647,0.0
26650,0.0
26652,1.0
26659,0.0
26662,0.0
26663,0.0
26664,1.0
26666,0.0
26672,0.0
26674,0.0
26675,0.0
26676,0.0
26678,0.0
26686,1.0
26688,1.0
26696,1.0
26731,0.0
26736,1.0
26746,1.0
26747,0.0
26748,0.0
26753,1.0
26758,0.0
26759,1.0
26764,0.0
26768,0.0
26770,0.0
26775,0.0
26777,0.0
26779,1.0
26782,0.0
26784,0.0
26799,0.0
26803,0.0
26811,0.0
26815,0.0
26822,1.0
26829,0.0
26833,1.0
26835,1.0
26840,1.0
26844,0.0
26848,0.0
26853,1.0
26857,0.0
26859,0.0
26865,0.0
26870,0.0
26872,0.0
26890,0.0
26904,1.0
26906,0.0
26919,1.0
26923,0.0
26929,0.0
26940,0.0
26941,0.0
26943,0.0
26948,1.0
26951,1.0
26955,0.0
26972,0.0
26976,0.0
26988,1.0
26992,0.0
26996,0.0
26998,1.0
27012,0.0
27020,0.0
27022,0.0
27024,0.0
27026,0.0
27030,0.0
27031,1.0
27033,0.0
27035,0.0
27044,0.0
27049,0.0
27050,1.0
27054,1.0
27055,0.0
27056,0.0
27059,0.0
27060,1.0
27065,1.0
27069,0.0
27072,0.0
27076,0.0
27084,0.0
27085,0.0
27098,0.0
27104,0.0
27108,0.0
27124,0.0
27134,0.0
27138,0.0
27139,1.0
27140,0.0
27141,0.0
27143,0.0
27147,0.0
27153,0.0
27159,0.0
27161,1.0
27174,0.0
27175,0.0
27176,1.0
27177,0.0
27196,0.0
27200,0.0
27203,1.0
27204,0.0
27205,0.0
27206,0.0
27207,0.0
27215,0.0
27223,0.0
27229,0.0
27233,0.0
27237,0.0
27240,0.0
27248,1.0
27250,0.0
27251,0.0
27255,1.0
27256,0.0
27262,0.0
27267,0.0
27268,0.0
27270,0.0
27275,0.0
27278,1.0
27287,0.0
27294,0.0
27298,0.0
27301,0.0
27303,0.0
27315,0.0
27317,0.0
27329,0.0
27332,0.0
27334,1.0
27335,1.0
27338,0.0
27340,1.0
27341,0.0
27344,0.0
27346,0.0
27353,0.0
27360,0.0
27374,1.0
27386,1.0
27389,0.0
27391,1.0
27398,0.0
27402,0.0
27409,1.0
27411,0.0
27412,0.0
27422,0.0
27426,1.0
27428,1.0
27431,0.0
27435,1.0
27436,0.0
27440,0.0
27443,1.0
27444,0.0
27447,1.0
27453,0.0
27454,0.0
27458,0.0
27464,0.0
27467,1.0
27476,0.0
27477,1.0
27478,0.0
27480,1.0
27482,0.0
27485,0.0
27497,0.0
27504,0.0
27506,0.0
27508,0.0
27513,0.0
27516,0.0
27526,1.0
27534,0.0
27543,0.0
27544,0.0
27555,0.0
27562,0.0
27564,0.0
27568,0.0
27583,0.0
27584,0.0
27588,0.0
27591,0.0
27599,0.0
27604,0.0
27607,1.0
27608,0.0
27610,0.0
27620,0.0
27625,0.0
27627,0.0
27628,0.0
27644,1.0
27650,0.0
27653,0.0
27655,0.0
27662,0.0
27666,1.0
27672,0.0
27676,0.0
27677,0.0
27679,1.0
27680,0.0
27683,0.0
27687,0.0
27695,0.0
27704,0.0
27705,1.0
27706,0.0
27708,1.0
27719,0.0
27721,0.0
27723,1.0
27732,0.0
27733,1.0
27738,0.0
27745,1.0
27747,0.0
27750,1.0
27754,0.0
27756,1.0
27776,0.0
27782,0.0
27794,0.0
27804,0.0
27809,1.0
27810,1.0
27814,0.0
27819,0.0
27822,0.0
27824,0.0
27829,1.0
27852,0.0
27854,0.0
27855,0.0
27864,0.0
27867,0.0
27872,0.0
27882,0.0
27884,0.0
27886,1.0
27889,1.0
27898,0.0
27920,0.0
27923,0.0
27926,0.0
27928,0.0
27931,0.0
27942,0.0
27944,0.0
27951,0.0
27956,1.0
27959,0.0
27965,0.0
27967,1.0
27979,1.0
27983,1.0
27992,1.0
27993,0.0
27994,0.0
28001,1.0
28003,1.0
28005,0.0
28014,1.0
28027,0.0
28041,1.0
28042,0.0
28054,1.0
28060,0.0
28062,0.0
28076,0.0
28088,0.0
28089,1.0
28092,0.0
28094,0.0
28095,0.0
28097,1.0
28098,0.0
28109,0.0
28110,0.0
28114,0.0
28122,0.0
28124,1.0
28125,1.0
28128,1.0
28130,0.0
28138,0.0
28144,1.0
28145,0.0
28146,0.0
28152,1.0
28154,0.0
28159,0.0
28165,1.0
28166,0.0
28168,0.0
28175,0.0
28180,1.0
28183,0.0
28184,0.0
28186,1.0
28188,0.0
28192,0.0
28194,1.0
28202,0.0
28205,0.0
28208,0.0
28209,0.0
28210,0.0
28215,0.0
28222,0.0
28223,1.0
28230,0.0
28233,0.0
28234,1.0
28247,0.0
28249,0.0
28254,0.0
28265,0.0
28276,0.0
28285,0.0
28287,0.0
28288,0.0
28289,0.0
28295,0.0
28299,1.0
28305,0.0
28306,0.0
28308,0.0
28311,0.0
28322,0.0
28326,0.0
28335,0.0
28344,0.0
28354,0.0
28360,0.0
28361,0.0
28364,0.0
28370,1.0
28373,0.0
28376,1.0
28379,0.0
28380,1.0
28381,0.0
28384,1.0
28392,0.0
28393,1.0
28404,0.0
28412,0.0
28425,1.0
28427,0.0
28428,1.0
28430,1.0
28441,0.0
28444,0.0
28447,0.0
28448,0.0
28456,1.0
28458,1.0
28461,0.0
28464,0.0
28469,0.0
28477,0.0
28489,0.0
28491,0.0
28498,0.0
28499,0.0
28503,1.0
28505,1.0
28508,0.0
28512,0.0
28515,1.0
28518,1.0
28523,0.0
28525,0.0
28526,0.0
28527,0.0
28532,0.0
28546,0.0
28547,0.0
28550,0.0
28562,0.0
28563,1.0
28565,0.0
28567,1.0
28578,0.0
28579,0.0
28588,0.0
28589,1.0
28605,0.0
28609,0.0
28612,0.0
28614,0.0
28618,1.0
28628,0.0
28632,0.0
28634,1.0
28645,1.0
28647,1.0
28650,0.0
28659,1.0
28680,1.0
28682,1.0
28687,0.0
28692,0.0
28695,0.0
28702,1.0
28708,0.0
28711,1.0
28717,0.0
28718,0.0
28726,0.0
28729,0.0
28731,1.0
28739,0.0
28746,0.0
28751,1.0
28756,0.0
28763,0.0
28764,0.0
28769,1.0
28771,1.0
28774,0.0
28782,0.0
28785,0.0
28795,0.0
28798,0.0
28805,0.0
28806,0.0
28814,0.0
28817,0.0
28819,0.0
28822,0.0
28823,0.0
28830,1.0
28833,0.0
28840,0.0
28844,0.0
28847,1.0
28849,0.0
28870,0.0
28879,1.0
28881,0.0
28883,0.0
28903,0.0
28905,1.0
28906,0.0
28918,0.0
28919,1.0
28927,0.0
28934,0.0
28935,0.0
28944,0.0
28949,0.0
28956,1.0
28962,0.0
28973,1.0
28979,0.0
28987,1.0
28989,0.0
28998,0.0
29000,0.0
29003,0.0
29005,0.0
29011,0.0
29017,1.0
29026,0.0
29029,0.0
29031,0.0
29038,0.0
29042,1.0
29051,0.0
29055,1.0
29059,1.0
29063,1.0
29067,0.0
29068,0.0
29073,0.0
29075,0.0
29077,0.0
29080,0.0
29084,0.0
29087,1.0
29090,0.0
29091,1.0
29092,0.0
29093,0.0
29107,1.0
29109,1.0
29113,0.0
29114,0.0
29117,0.0
29124,0.0
29126,1.0
29129,1.0
29139,0.0
29149,0.0
29151,0.0
29152,1.0
29154,0.0
29160,1.0
29164,0.0
29166,1.0
29172,0.0
29173,0.0
29179,0.0
29184,0.0
29189,0.0
29191,1.0
29192,0.0
29193,0.0
29198,0.0
29219,0.0
29230,0.0
29233,1.0
29236,0.0
29239,0.0
29246,0.0
29255,0.0
29274,0.0
29277,0.0
29279,0.0
29285,1.0
29287,0.0
29304,1.0
29326,1.0
29328,1.0
29330,0.0
29332,0.0
29334,0.0
29341,1.0
29343,0.0
29351,0.0
29352,0.0
29357,0.0
29359,0.0
29361,0.0
29372,0.0
29388,1.0
29391,1.0
29392,1.0
29394,1.0
29400,0.0
29402,0.0
29404,0.0
29409,0.0
29419,0.0
29422,0.0
29426,1.0
29428,0.0
29431,0.0
29439,1.0
29446,0.0
29447,0.0
29451,0.0
29454,0.0
29460,0.0
29465,0.0
29473,0.0
29475,0.0
29478,1.0
29485,0.0
29493,0.0
29496,0.0
29504,0.0
29510,1.0
29515,1.0
29521,0.0
29522,0.0
29523,0.0
29528,0.0
29531,0.0
29532,0.0
29534,0.0
29547,0.0
29550,0.0
29561,0.0
29562,0.0
29573,0.0
29574,0.0
29591,0.0
29598,1.0
29600,0.0
29607,0.0
29612,0.0
29619,0.0
29629,1.0
29636,0.0
29637,1.0
29642,0.0
29647,0.0
29650,0.0
29656,0.0
29658,0.0
29661,0.0
29662,0.0
29664,0.0
29670,0.0
29698,1.0
29699,0.0
29705,0.0
29714,1.0
29715,1.0
29716,0.0
29720,0.0
29730,1.0
29731,0.0
29734,0.0
29737,1.0
29738,0.0
29741,1.0
29746,1.0
29748,1.0
29753,1.0
29764,0.0
29772,0.0
29776,0.0
29778,0.0
29782,0.0
29785,0.0
29804,1.0
29807,1.0
29810,0.0
29811,0.0
29814,0.0
29818,0.0
29826,0.0
29832,0.0
29846,0.0
29853,1.0
29855,0.0
29858,1.0
29863,0.0
29864,0.0
29866,0.0
29878,0.0
29883,0.0
29884,0.0
29893,0.0
29896,0.0
29899,0.0
29909,1.0
29925,0.0
29927,0.0
29929,0.0
29934,1.0
29941,0.0
29950,0.0
29952,1.0
29961,0.0
29967,0.0
29969,1.0
29973,1.0
29979,1.0
29981,0.0
29986,0.0
29992,0.0
30000,0.0
30004,0.0
30014,0.0
30029,0.0
30033,0.0
30040,0.0
30043,0.0
30057,0.0
30060,0.0
30061,1.0
30063,0.0
30064,1.0
30068,0.0
30073,0.0
30075,0.0
30079,0.0
30085,0.0
30086,0.0
30091,0.0
30092,1.0
30095,0.0
30096,0.0
30097,0.0
30101,1.0
30105,0.0
30107,1.0
30109,0.0
30110,1.0
30121,0.0
30127,0.0
30129,1.0
30130,0.0
30131,0.0
30134,0.0
30136,1.0
30148,1.0
30156,1.0
30157,0.0
30161,0.0
30169,1.0
30173,0.0
30184,0.0
30194,1.0
30195,0.0
30203,0.0
30206,1.0
30208,1.0
30211,1.0
30215,0.0
30220,0.0
30224,1.0
30228,0.0
30230,0.0
30231,1.0
30232,0.0
30236,0.0
30238,0.0
30241,1.0
30243,0.0
30248,0.0
30261,0.0
30264,0.0
30265,0.0
30280,1.0
30285,0.0
30291,0.0
30302,0.0
30319,1.0
30320,0.0
30321,0.0
30327,1.0
30354,0.0
30355,0.0
30371,1.0
30374,0.0
30375,0.0
30378,0.0
30383,0.0
30385,0.0
30386,0.0
30393,0.0
30394,0.0
30395,0.0
30396,0.0
30401,0.0
30404,0.0
30410,0.0
30412,0.0
30415,0.0
30419,0.0
30421,1.0
30431,0.0
30433,0.0
30437,0.0
30443,0.0
30445,1.0
30446,0.0
30454,0.0
30456,0.0
30458,0.0
30462,1.0
30467,0.0
30476,0.0
30477,0.0
30480,0.0
30481,1.0
30486,0.0
30490,0.0
30491,1.0
30495,1.0
30500,0.0
30505,0.0
30510,0.0
30512,0.0
30515,0.0
30519,0.0
30530,0.0
30541,1.0
30542,0.0
30554,0.0
30556,0.0
30567,0.0
30569,1.0
30580,0.0
30583,0.0
30590,0.0
30593,1.0
30613,0.0
30616,0.0
30617,1.0
30625,0.0
30629,0.0
30630,0.0
30631,0.0
30633,0.0
30635,0.0
30636,1.0
30638,0.0
30646,0.0
30648,0.0
30655,0.0
30659,0.0
30664,0.0
30668,0.0
30679,0.0
30680,0.0
30681,0.0
30682,1.0
30686,1.0
30687,0.0
30693,1.0
